Name,Amount (USD),Amount (TWD),Amount (INR),Amount (THB),Category,Date,Source,Currency Used
Choctaw Travel Plaza of Garvin,28.13,902.1,"2,378.71",938.71,Gas,2024-01-01,Chase Freedom Flex,USD
RAM Austin Property Management,902.49,28941.95,"76,315.60","30,116.54",Rent,2024-01-02,WF Checking,USD
iCloud+,0.99,31.75,83.72,33.04,Subscriptions,2024-01-03,Chase Freedom Flex,USD
Proton VPN,10.9,349.55,921.72,363.74,Subscriptions,2024-01-06,Discover It Cashback,USD
Spiral Diner,15.86,508.61,"1,341.14",529.26,Eating/Drinking Out,2024-01-07,Discover It Cashback,USD
Taco Bell,8.85,283.81,748.37,295.33,Eating/Drinking Out,2024-01-09,Discover It Cashback,USD
Buc-ee's,16.25,521.12,"1,374.12",542.27,Gas,2024-01-09,Discover It Cashback,USD
Electricity and Internet,101.56,3256.93,"8,588.03","3,389.11",Utilities,2024-01-10,UFCU Checking,USD
Kroger,2.19,70.23,185.19,73.08,Groceries,2024-01-10,Discover It Cashback,USD
Kroger,16.66,534.27,"1,408.79",555.95,Groceries,2024-01-10,Discover It Cashback,USD
Whataburger,9.71,311.39,821.09,324.03,Eating/Drinking Out,2024-01-11,Discover It Cashback,USD
FlixBus,12.99,416.58,"1,098.45",433.48,Travel,2024-01-11,Discover It Cashback,USD
Swadeshi Plaza,4.78,153.29,404.2,159.51,Groceries,2024-01-12,Discover It Cashback,USD
Swadeshi Plaza,1.62,51.95,136.99,54.06,Groceries,2024-01-12,Discover It Cashback,USD
Racetrac,21.34,684.35,"1,804.54",712.13,Gas,2024-01-12,Discover It Cashback,USD
Blaze Pizza,19.38,621.5,"1,638.80",646.72,Eating/Drinking Out,2024-01-12,Discover It Cashback,USD
Target,15.58,499.64,"1,317.46",519.91,Groceries,2024-01-13,Discover It Cashback,USD
Kroger,14.37,460.83,"1,215.14",479.53,Groceries,2024-01-13,Discover It Cashback,USD
Disney+,15.14,485.52,"1,280.26",505.23,Subscriptions,2024-01-13,Discover It Cashback,USD
Buc-ee's,17.69,567.3,"1,495.89",590.32,Gas,2024-01-14,Discover It Cashback,USD
Odessa College,201.75,6469.92,"17,060.21","6,732.50",Education,2024-01-16,Discover It Cashback,USD
Google One,3.19,102.3,269.75,106.45,Subscriptions,2024-01-16,Discover It Cashback,USD
Max,17.31,555.11,"1,463.75",577.64,Subscriptions,2024-01-17,Discover It Cashback,USD
In-N-Out,7.9,253.35,668.03,263.63,Eating/Drinking Out,2024-01-17,Chase Freedom Flex,USD
Autism Spectrum Disorder Foundation,30,962.07,"2,536.83","1,001.12",Miscellaneous,2024-01-17,Chase Freedom Flex,USD
CVS Pharmacy,3.04,97.49,257.07,101.45,Groceries,2024-01-17,Chase Freedom Flex,USD
Trader Joe's,52.91,1696.77,"4,474.13","1,765.63",Groceries,2024-01-17,Chase Freedom Flex,USD
Monthly Service Fee,12,384.83,"1,014.73",400.45,Fees,2024-01-17,Chase Checking,USD
Einstein Bros,6.4,205.24,541.19,213.57,Eating/Drinking Out,2024-01-18,Chase Freedom Flex,USD
Wheatsville Co-Op,10,320.69,845.61,333.71,Groceries,2024-01-18,Chase Freedom Flex,USD
Smooshine Salon,51.75,1659.57,"4,376.04","1,726.92",Miscellaneous,2024-01-20,Chase Freedom Flex,USD
Chili's,15.96,511.82,"1,349.60",532.59,Eating/Drinking Out,2024-01-20,Chase Freedom Flex,USD
Cidercade,12.99,416.58,"1,098.45",433.48,Entertainment,2024-01-21,Chase Freedom Flex,USD
Ultra Mobile,28.08,900.5,"2,374.48",937.04,Utilities,2024-01-22,Discover It Cashback,USD
Spotify,11.9,381.62,"1,006.28",397.11,Subscriptions,2024-01-22,Discover It Cashback,USD
Interest,1.86,59.65,157.28,62.07,Fees,2024-01-22,UFCU Platinum Cashback,USD
Insurance Debt Protection,0.27,8.66,22.83,9.01,Fees,2024-01-22,UFCU Platinum Cashback,USD
Target,5.66,181.51,478.62,188.88,Groceries,2024-01-25,Chase Freedom Flex,USD
Ethel Cain/Mitski Concert,54.18,1737.5,"4,581.52","1,808.01",Entertainment,2024-01-25,Chase Checking,USD
Netfllix,16.77,537.8,"1,418.09",559.62,Subscriptions,2024-01-26,Discover It Cashback,USD
Rositas Al Pastor,12.1,388.03,"1,023.19",403.78,Eating/Drinking Out,2024-01-27,Chase Freedom Flex,USD
HEB,66.37,2128.42,"5,612.32","2,214.80",Groceries,2024-01-28,Chase Freedom Flex,USD
Target,6.09,195.3,514.98,203.23,Groceries,2024-01-29,Chase Freedom Flex,USD
Alamo Drafthouse,17.75,569.22,"1,500.96",592.33,Entertainment,2024-01-29,Chase Checking,USD
MyJotBot,9.99,320.37,844.77,333.37,Subscriptions,2024-01-30,Chase Freedom Flex,USD
Target,3.51,112.56,296.81,117.13,Groceries,2024-01-30,Chase Freedom Flex,USD
O's Cafe,6.21,199.15,525.12,207.23,Eating/Drinking Out,2024-01-30,Chase Freedom Flex,USD
Chat Patta,7.57,242.76,640.13,252.61,Eating/Drinking Out,2024-02-01,Chase Freedom Flex,USD
CopyLeaks,16.99,544.85,"1,436.69",566.96,Subscriptions,2024-02-01,Chase Freedom Flex,USD
Target,12.43,398.62,"1,051.10",414.8,Groceries,2024-02-02,Chase Freedom Flex,USD
Texas Thrift Store,4.53,145.27,383.06,151.17,Apparel,2024-02-02,Chase Freedom Flex,USD
RAM Austin Property Management,927.49,29743.68,"78,429.63","30,950.81",Rent,2024-02-02,WF Checking,USD
iCloud+,0.99,31.75,83.72,33.04,Subscriptions,2024-02-03,Discover It Cashback,USD
Chat Patta,7.63,244.69,645.2,254.62,Eating/Drinking Out,2024-02-04,Chase Freedom Flex,USD
Wheatsville Co-Op,4,128.28,338.24,133.48,Groceries,2024-02-15,Chase Freedom Flex,USD
Vending Machine,2.25,72.16,190.26,75.08,Eating/Drinking Out,2024-02-15,Chase Freedom Flex,USD
Uber,7.19,230.58,607.99,239.93,Travel,2024-02-16,Chase Freedom Flex,USD
Uber,2,64.14,169.12,66.74,Travel,2024-02-16,Chase Freedom Flex,USD
Cherry Coffee,7.77,249.18,657.04,259.29,Eating/Drinking Out,2024-02-17,Chase Freedom Flex,USD
Whataburger,10.14,325.18,857.45,338.38,Eating/Drinking Out,2024-02-18,Chase Freedom Flex,USD
CVS Pharamacy,2.84,91.08,240.15,94.77,Groceries,2024-02-19,Chase Freedom Flex,USD
Cava,12.18,390.6,"1,029.95",406.45,Eating/Drinking Out,2024-02-20,Chase Freedom Flex,USD
99 Ranch,14.34,459.87,"1,212.61",478.53,Groceries,2024-02-21,Chase Freedom Flex,USD
Birkenstock,17.43,558.96,"1,473.90",581.65,Apparel,2024-02-23,Chase Freedom Flex,USD
CVS Pharamacy,1.99,63.82,168.28,66.41,Groceries,2024-02-23,Chase Freedom Flex,USD
Chat Patta,7.57,242.76,640.13,252.61,Eating/Drinking Out,2024-02-24,Chase Freedom Flex,USD
Foxtrot Market,5.68,182.15,480.31,189.54,Eating/Drinking Out,2024-02-25,Chase Freedom Flex,USD
Target,4.93,158.1,416.89,164.52,Groceries,2024-02-25,Chase Freedom Flex,USD
HEB,58.78,1885.02,"4,970.51","1,961.52",Groceries,2024-02-26,Chase Freedom Flex,USD
Target,2.84,91.08,240.15,94.77,Groceries,2024-02-27,Chase Freedom Flex,USD
MyJotBot,9.99,320.37,844.77,333.37,Subscriptions,2024-02-29,Chase Freedom Flex,USD
Target,8.97,287.66,758.51,299.33,Groceries,2024-02-05,Discover It Cashback,USD
O's Cafe,2.96,94.92,250.3,98.78,Eating/Drinking Out,2024-02-05,Discover It Cashback,USD
7-Eleven,1.08,34.63,91.33,36.04,Eating/Drinking Out,2024-02-05,Discover It Cashback,USD
Pearl Street Co-Op Party,15,481.04,"1,268.42",500.56,Entertainment,2024-02-05,Chase Checking,USD
O's Cafe,2.96,94.92,250.3,98.78,Eating/Drinking Out,2024-02-06,Discover It Cashback,USD
Proton VPN,10.73,344.1,907.34,358.07,Subscriptions,2024-02-06,Discover It Cashback,USD
FlixBus,60.67,1945.63,"5,130.33","2,024.59",Travel,2024-02-06,Discover It Cashback,USD
Whataburger,10.14,325.18,857.45,338.38,Eating/Drinking Out,2024-02-07,Discover It Cashback,USD
HEB,31.35,1005.36,"2,650.99","1,046.17",Groceries,2024-02-07,Discover It Cashback,USD
Apple,9.74,312.35,823.63,325.03,Tech,2024-02-08,Discover It Cashback,USD
Target,7.93,254.31,670.57,264.63,Groceries,2024-02-09,Discover It Cashback,USD
Flower Child,16.78,538.12,"1,418.94",559.96,Eating/Drinking Out,2024-02-09,Discover It Cashback,USD
Chat Patta,7.57,242.76,640.13,252.61,Eating/Drinking Out,2024-02-10,Discover It Cashback,USD
CVS Pharmacy,4.59,147.2,388.14,153.17,Groceries,2024-02-10,Discover It Cashback,USD
ATX Gyro,5.95,190.81,503.14,198.55,Eating/Drinking Out,2024-02-11,Discover It Cashback,USD
Kerbey Lane Cafe,14.76,473.34,"1,248.12",492.55,Eating/Drinking Out,2024-02-11,Discover It Cashback,USD
Trader Joe's,76.16,2442.38,"6,440.18","2,541.50",Groceries,2024-02-12,Discover It Cashback,USD
Target,2.97,95.24,251.15,99.11,Groceries,2024-02-13,Discover It Cashback,USD
Disney+,15.14,485.52,"1,280.26",505.23,Subscriptions,2024-02-13,Discover It Cashback,USD
O's Cafe,9.18,294.39,776.27,306.34,Eating/Drinking Out,2024-02-14,Discover It Cashback,USD
Electricity and Internet,99.68,3196.64,"8,429.06","3,326.37",Utilities,2024-02-15,WF Checking,USD
Monthly Service Fee,12,384.83,"1,014.73",400.45,Fees,2024-02-15,Chase Checking,USD
UT Study Abroad Fee,75,2405.18,"6,342.09","2,502.79",Education,2024-02-16,Discover It Cashback,USD
Odessa College,201.75,6469.92,"17,060.21","6,732.50",Education,2024-02-16,Discover It Cashback,USD
Google One,3.19,102.3,269.75,106.45,Subscriptions,2024-02-16,Discover It Cashback,USD
Max,17.31,555.11,"1,463.75",577.64,Subscriptions,2024-02-17,Discover It Cashback,USD
Target,23.3,747.21,"1,970.28",777.53,Groceries,2024-02-18,UFCU Platinum Cashback,USD
Amazon,43.29,1388.27,"3,660.65","1,444.61",Apparel,2024-02-20,Discover It Cashback,USD
Ultra Mobile,28.08,900.5,"2,374.48",937.04,Utilities,2024-02-21,Discover It Cashback,USD
Spotify,11.9,381.62,"1,006.28",397.11,Subscriptions,2024-02-22,Discover It Cashback,USD
Interest,1.48,47.46,125.15,49.39,Fees,2024-02-22,UFCU Platinum Cashback,USD
Insurance Debt Protection,0.25,8.02,21.14,8.34,Fees,2024-02-22,UFCU Platinum Cashback,USD
FlixBus,14.87,476.87,"1,257.42",496.22,Travel,2024-02-24,Discover It Cashback,USD
Netflix,16.77,537.8,"1,418.09",559.62,Subscriptions,2024-02-26,Discover It Cashback,USD
Chipotle,12.02,385.47,"1,016.43",401.11,Eating/Drinking Out,2024-02-28,UFCU Platinum Cashback,USD
Buc-ee's,4.19,134.37,354.31,139.82,Eating/Drinking Out,2024-03-01,Chase Freedom Flex,USD
CopyLeaks,16.99,544.85,"1,436.69",566.96,Subscriptions,2024-03-01,Chase Freedom Flex,USD
Chat Patta,8.71,279.32,736.53,290.66,Eating/Drinking Out,2024-03-02,UFCU Platinum Cashback,USD
RAM Austin Property Management,927.49,29743.68,"78,429.63","30,950.81",Rent,2024-03-02,WF Checking,USD
iCloud+,0.41,13.15,34.67,13.68,Subscriptions,2024-03-03,Discover It Cashback,USD
Kerbey Lane Cafe,16.66,534.27,"1,408.79",555.95,Eating/Drinking Out,2024-03-03,UFCU Platinum Cashback,USD
The Living Tombstone,13.54,434.21,"1,144.96",451.84,Entertainment,2024-03-04,UFCU Platinum Cashback,USD
Target,23.53,754.58,"1,989.72",785.21,Groceries,2024-03-04,UFCU Platinum Cashback,USD
Chick-fil-A,3.24,103.9,273.98,108.12,Eating/Drinking Out,2024-03-04,UFCU Platinum Cashback,USD
Jack in the Box,4.5,144.31,380.53,150.17,Eating/Drinking Out,2024-03-04,Chase Checking,USD
Target,2.84,91.08,240.15,94.77,Groceries,2024-03-05,Discover It Cashback,USD
Clay Pit,20.52,658.06,"1,735.20",684.76,Eating/Drinking Out,2024-03-05,UFCU Platinum Cashback,USD
Camping Reservation,7.2,230.9,608.84,240.27,Travel,2024-03-05,Chase Checking,USD
Proton VPN,10.84,347.63,916.64,361.74,Subscriptions,2024-03-06,Discover It Cashback,USD
O's Cafe,5.76,184.72,487.07,192.21,Eating/Drinking Out,2024-03-06,Discover It Cashback,USD
Up & Atom,5.2,166.76,439.72,173.53,Eating/Drinking Out,2024-03-06,UFCU Platinum Cashback,USD
Birkenstock,17.43,558.96,"1,473.90",581.65,Apparel,2024-03-07,Chase Freedom Flex,USD
Uber,6.35,203.64,536.96,211.9,Travel,2024-03-07,Chase Freedom Flex,USD
Uber,1,32.07,84.56,33.37,Travel,2024-03-07,Chase Freedom Flex,USD
Taco Bell,9.58,307.22,810.1,319.69,Eating/Drinking Out,2024-03-07,Discover It Cashback,USD
Buc-ee's,1.07,34.31,90.48,35.71,Eating/Drinking Out,2024-03-07,Discover It Cashback,USD
Kroger,14.95,479.43,"1,264.19",498.89,Groceries,2024-03-07,UFCU Platinum Cashback,USD
Ray Robert Lake State Park,14,448.97,"1,183.86",467.19,Entertainment,2024-03-10,Chase Freedom Flex,USD
FlixBus,14.87,476.87,"1,257.42",496.22,Travel,2024-03-10,Discover It Cashback,USD
The Saucy Hibachi,9.09,291.51,768.66,303.34,Eating/Drinking Out,2024-03-11,UFCU Platinum Cashback,USD
Walmart,59.47,1907.14,"5,028.85","1,984.54",Apparel,2024-03-13,UFCU Platinum Cashback,USD
Disney+,15.14,485.52,"1,280.26",505.23,Subscriptions,2024-03-13,Discover It Cashback,USD
Buc-ee's,14.42,462.43,"1,219.37",481.2,Eating/Drinking Out,2024-03-13,Discover It Cashback,USD
Chat Patta,7.57,242.76,640.13,252.61,Eating/Drinking Out,2024-03-13,UFCU Platinum Cashback,USD
China Wok,10.89,349.23,920.87,363.4,Eating/Drinking Out,2024-03-14,UFCU Platinum Cashback,USD
Albertsons,16.45,527.54,"1,391.03",548.94,Groceries,2024-03-14,UFCU Platinum Cashback,USD
Albertsons,5.38,172.53,454.94,179.53,Groceries,2024-03-14,Chase Freedom Flex,USD
Chili's,15.84,507.97,"1,339.45",528.59,Eating/Drinking Out,2024-03-14,UFCU Platinum Cashback,USD
Carlsbad Caverns National Park Gift Shop,9.49,304.33,802.49,316.69,Miscellaneous,2024-03-15,Discover It Cashback,USD
La Regia,9.02,289.26,762.74,301,Eating/Drinking Out,2024-03-15,Chase Freedom Flex,USD
Monthly Service Fee,12,384.83,"1,014.73",400.45,Fees,2024-03-15,Chase Checking,USD
Carlsbad Caverns National Park,15,481.04,"1,268.42",500.56,Entertainment,2024-03-15,Chase Checking,USD
Google One,3.19,102.3,269.75,106.45,Subscriptions,2024-03-16,Discover It Cashback,USD
Odessa College,201.75,6469.92,"17,060.21","6,732.50",Education,2024-03-16,Discover It Cashback,USD
Lemon Grass,15.52,497.71,"1,312.39",517.91,Eating/Drinking Out,2024-03-16,UFCU Platinum Cashback,USD
International UFO Museum,7,224.48,591.93,233.59,Entertainment,2024-03-16,Chase Checking,USD
International UFO Museum Gift Shop,4.32,138.54,365.3,144.16,Miscellaneous,2024-03-16,Chase Freedom Flex,USD
Ruidoso Winter Park,41.11,1318.36,"3,476.31","1,371.86",Entertainment,2024-03-16,UFCU Platinum Cashback,USD
Budget Inn,19.15,614.12,"1,619.35",639.05,Travel,2024-03-16,UFCU Platinum Cashback,USD
Pizza 9 Alamagordo,15.12,484.88,"1,278.56",504.56,Eating/Drinking Out,2024-03-16,UFCU Platinum Cashback,USD
NTU Fee,79.75,2557.5,"6,743.75","2,661.30",Education,2024-03-16,UFCU Platinum Cashback,USD
Electricity and Internet,135.37,4341.18,"11,447.04","4,517.36",Utilities,2024-03-16,Chase Checking,USD
Juicery Plus,14.06,450.89,"1,188.93",469.19,Eating/Drinking Out,2024-03-17,UFCU Platinum Cashback,USD
iCloud+,2.99,95.89,252.84,99.78,Subscriptions,2024-03-17,Discover It Cashback,USD
Max,17.31,555.11,"1,463.75",577.64,Subscriptions,2024-03-17,Discover It Cashback,USD
Chevron,2.69,86.27,227.47,89.77,Eating/Drinking Out,2024-03-17,Chase Freedom Flex,USD
Target,23.98,769.01,"2,027.78",800.22,Subscriptions,2024-03-18,Chase Freedom Flex,USD
Bob Bullock Theater,15,481.04,"1,268.42",500.56,Entertainment,2024-03-19,Chase Checking,USD
Birkenstock,17.43,558.96,"1,473.90",581.65,Apparel,2024-03-21,Chase Freedom Flex,USD
Wheatsville Co-Op,7.24,232.18,612.22,241.6,Groceries,2024-03-21,Chase Freedom Flex,USD
Ultra Mobile,28.08,900.5,"2,374.48",937.04,Utilities,2024-03-22,Discover It Cashback,USD
Spotify,11.9,381.62,"1,006.28",397.11,Subscriptions,2024-03-22,Discover It Cashback,USD
Papua Coffee,5.5,176.38,465.09,183.54,Eating/Drinking Out,2024-03-22,UFCU Platinum Cashback,USD
Insurance Debt Protection,1.1,35.28,93.02,36.71,Fees,2024-03-22,UFCU Platinum Cashback,USD
TECO Houston,110,3527.59,"9,301.73","3,670.76",Travel,2024-03-22,Chase Checking,USD
CVS Pharmacy,18.28,586.22,"1,545.78",610.01,Miscellaneous,2024-03-22,Chase Checking,USD
Amazon,20.55,659.02,"1,737.73",685.76,Miscellaneous,2024-03-23,Discover It Cashback,USD
FlixBus,14.87,476.87,"1,257.42",496.22,Travel,2024-03-25,Discover It Cashback,USD
The Soup Peddler,15.78,506.05,"1,334.38",526.59,Eating/Drinking Out,2024-03-25,UFCU Platinum Cashback,USD
O's Cafe,8.64,277.08,730.61,288.32,Eating/Drinking Out,2024-03-25,UFCU Platinum Cashback,USD
Party,10,320.69,845.61,333.71,Entertainment,2024-03-25,Chase Checking,USD
Bob Bullock Theater,3,96.21,253.68,100.11,Eating/Drinking Out,2024-03-25,Chase Checking,USD
Netflix,16.77,537.8,"1,418.09",559.62,Subscriptions,2024-03-26,Discover It Cashback,USD
Target,22.59,724.44,"1,910.24",753.84,Groceries,2024-03-26,UFCU Platinum Cashback,USD
Target,19,609.31,"1,606.66",634.04,Groceries,2024-03-26,UFCU Platinum Cashback,USD
FedEx,11.1,355.97,938.63,370.41,Miscellaneous,2024-03-27,Chase Freedom Flex,USD
Target,19.4,622.14,"1,640.49",647.39,Groceries,2024-03-27,UFCU Platinum Cashback,USD
7-Eleven,7.99,256.23,675.64,266.63,Eating/Drinking Out,2024-03-29,UFCU Platinum Cashback,USD
Walgreens,8.65,277.4,731.45,288.65,Miscellaneous,2024-03-29,UFCU Platinum Cashback,USD
Walgreens,24.14,774.15,"2,041.31",805.56,Miscellaneous,2024-03-29,UFCU Platinum Cashback,USD
Chick-fil-A,6.47,207.49,547.11,215.91,Eating/Drinking Out,2024-03-29,UFCU Platinum Cashback,USD
Via 313,10.39,333.2,878.59,346.72,Eating/Drinking Out,2024-03-30,UFCU Platinum Cashback,USD
Monk's Momo,2,64.14,169.12,66.74,Eating/Drinking Out,2024-03-31,UFCU Platinum Cashback,USD
Rio Mart,19.45,623.74,"1,644.71",649.06,Eating/Drinking Out,2024-03-31,UFCU Platinum Cashback,USD
UT Overseas Insurance,103,3303.11,"8,709.80","3,437.16",Education,2024-03-31,UFCU Platinum Cashback,USD
CVS Pharmacy,3.19,102.3,269.75,106.45,Groceries,2024-03-31,UFCU Checking,USD
Monk's Momo,16.17,518.56,"1,367.35",539.6,Eating/Drinking Out,2024-03-31,UFCU Checking,USD
UT Overseas Insurance,150,4810.35,"12,684.17","5,005.58",Education,2024-03-31,UFCU Checking,USD
Wheatsville Co-Op,28.73,921.34,"2,429.44",958.73,Groceries,2024-04-01,UFCU Platinum Cashback,USD
GameOn! ATX,37.83,1213.17,"3,198.95","1,262.41",Entertainment,2024-04-01,Chase Checking,USD
Target,7.53,241.48,636.75,251.28,Groceries,2024-04-01,UFCU Checking,USD
NTU Tuition,1324.14,42463.85,"111,970.82","44,187.21",Education,2024-04-02,UFCU Checking,USD
Chat Patta,7.57,242.76,640.13,252.61,Eating/Drinking Out,2024-04-03,UFCU Platinum Cashback,USD
Chick-fil-A,3.24,103.9,273.98,108.12,Eating/Drinking Out,2024-04-03,UFCU Platinum Cashback,USD
O's Cafe,2.96,94.92,250.3,98.78,Eating/Drinking Out,2024-04-03,WF Checking,USD
RAM Austin Property Management,927.49,29743.68,"78,429.63","30,950.81",Rent,2024-04-03,WF Checking,USD
Birkenstock,17.43,558.96,"1,473.90",581.65,Apparel,2024-04-04,Chase Freedom Flex,USD
Chipotle,2.81,90.11,237.62,93.77,Eating/Drinking Out,2024-04-04,Chase Freedom Flex,USD
Wheatsville Co-Op,9,288.62,761.05,300.33,Groceries,2024-04-04,UFCU Platinum Cashback,USD
HEB,81.08,2600.15,"6,856.22","2,705.68",Groceries,2024-04-05,Chase Freedom Flex,USD
HEB,7.69,246.61,650.28,256.62,Groceries,2024-04-05,Chase Freedom Flex,USD
Target,4.52,144.95,382.22,150.83,Groceries,2024-04-05,WF Checking,USD
In-N-Out,7.09,227.37,599.54,236.6,Eating/Drinking Out,2024-04-06,Chase Freedom Flex,USD
Proton VPN,10.83,347.31,915.8,361.4,Subscriptions,2024-04-06,Discover It Cashback,USD
Man Pasand Supermarket,31.49,1009.85,"2,662.83","1,050.84",Groceries,2024-04-07,UFCU Platinum Cashback,USD
Chick-fil-A,6.69,214.54,565.71,223.25,Eating/Drinking Out,2024-04-08,UFCU Platinum Cashback,USD
Chili's,16.05,514.71,"1,357.21",535.6,Eating/Drinking Out,2024-04-08,SoFi Checking,USD
Chat Patta,8.71,279.32,736.53,290.66,Eating/Drinking Out,2024-04-12,UFCU Checking,USD
Disney+,15.14,485.52,"1,280.26",505.23,Subscriptions,2024-04-13,Discover It Cashback,USD
Rebel Cheese,23.65,758.43,"1,999.87",789.21,Eating/Drinking Out,2024-04-13,UFCU Platinum Cashback,USD
Premier Parking,4,128.28,338.24,133.48,Miscellaneous,2024-04-13,UFCU Platinum Cashback,USD
FlixBus,37.98,1217.98,"3,211.63","1,267.41",Travel,2024-04-14,UFCU Checking,USD
Google One,3.19,102.3,269.75,106.45,Subscriptions,2024-04-15,Discover It Cashback,USD
Chick-fil-A,9.45,303.05,799.1,315.35,Eating/Drinking Out,2024-04-15,UFCU Platinum Cashback,USD
Monthly Service Fee,10,320.69,845.61,333.71,Fees,2024-04-15,WF Checking,USD
Monthly Service Fee,12,384.83,"1,014.73",400.45,Fees,2024-04-15,Chase Checking,USD
iCloud+,2.99,95.89,252.84,99.78,Subscriptions,2024-04-16,Discover It Cashback,USD
Been,2.48,79.53,209.71,82.76,Miscellaneous,2024-04-16,Discover It Cashback,USD
Buffalo Exchange,17.86,572.75,"1,510.26",596,Miscellaneous,2024-04-17,UFCU Platinum Cashback,USD
CVS Pharmacy,3,96.21,253.68,100.11,Eating/Drinking Out,2024-04-17,Chase Checking,USD
Up & Atom,8.17,262,690.86,272.64,Eating/Drinking Out,2024-04-18,UFCU Platinum Cashback,USD
Target,12.21,391.56,"1,032.49",407.45,Groceries,2024-04-18,UFCU Platinum Cashback,USD
Arlo's,28,897.93,"2,367.71",934.37,Eating/Drinking Out,2024-04-18,UFCU Platinum Cashback,USD
Chick-fil-A,2.98,95.57,251.99,99.44,Eating/Drinking Out,2024-04-20,UFCU Platinum Cashback,USD
Chipotle,10,320.69,845.61,333.71,Eating/Drinking Out,2024-04-20,Chase Checking,USD
Exxon,4.29,137.58,362.77,143.16,Eating/Drinking Out,2024-04-21,Chase Freedom Flex,USD
Uber,9.44,302.73,798.26,315.02,Travel,2024-04-21,Chase Freedom Flex,USD
Czech Stop,5.61,179.91,474.39,187.21,Eating/Drinking Out,2024-04-21,SoFi Checking,USD
Interest,2.09,67.02,176.73,69.74,Fees,2024-04-22,UFCU Platinum Cashback,USD
Insurance Debt Protection,11.49,368.47,971.61,383.43,Fees,2024-04-22,UFCU Platinum Cashback,USD
Ultra Mobile,28.06,899.86,"2,372.79",936.38,Utilities,2024-04-22,WF Checking,USD
Walgreens,7.08,227.05,598.69,236.26,Miscellaneous,2024-04-23,Chase Freedom Flex,USD
Spotify,6.48,207.81,547.96,216.24,Subscriptions,2024-04-23,WF Checking,USD
O's Cafe,2.96,94.92,250.3,98.78,Eating/Drinking Out,2024-04-24,Chase Checking,USD
7-Eleven,2.69,86.27,227.47,89.77,Eating/Drinking Out,2024-04-24,Chase Checking,USD
Target,6.2,198.83,524.28,206.9,Groceries,2024-04-24,Chase Checking,USD
Target,5.98,191.77,505.68,199.56,Groceries,2024-04-24,SoFi Checking,USD
Chat Patta,7.57,242.76,640.13,252.61,Eating/Drinking Out,2024-04-25,Chase Checking,USD
Wheatsville Co-Op,12.77,409.52,"1,079.85",426.14,Groceries,2024-04-25,Chase Checking,USD
AAA,20,641.38,"1,691.22",667.41,Travel,2024-04-26,WF Checking,USD
HEB,52.4,1680.42,"4,431.00","1,748.61",Groceries,2024-04-26,WF Checking,USD
HEB,6.6,211.66,558.1,220.25,Groceries,2024-04-26,Chase Checking,USD
Target,7.58,243.08,640.97,252.95,Groceries,2024-04-26,Chase Checking,USD
Electricity & Internet,97.58,3129.29,"8,251.48","3,256.29",Utilities,2024-04-26,Chase Checking,USD
Target,4.31,138.22,364.46,143.83,Groceries,2024-04-27,SoFi Checking,USD
Kerbey Lane Cafe,16.66,534.27,"1,408.79",555.95,Eating/Drinking Out,2024-04-29,Chase Freedom Flex,USD
CVS Pharmacy,3.13,100.38,264.68,104.45,Groceries,2024-04-29,Discover It Cashback,USD
Target,2.4,76.97,202.95,80.09,Groceries,2024-04-29,Chase Freedom Flex,USD
Chick-fil-A,3.45,110.64,291.74,115.13,Eating/Drinking Out,2024-04-30,UFCU Platinum Cashback,USD
Target,3.94,126.35,333.17,131.48,Groceries,2024-04-30,UFCU Platinum Cashback,USD
FlixBus,30.98,993.5,"2,619.70","1,033.82",Travel,2024-04-30,Chase Checking,USD
Sweetgreen,13.53,433.89,"1,144.11",451.5,Eating/Drinking Out,2024-05-01,UFCU Platinum Cashback,USD
CVS Pharmacy,8.11,260.08,685.79,270.63,Groceries,2024-05-01,Chase Checking,USD
Wheatsville Co-Op,5.98,191.77,505.68,199.56,Groceries,2024-05-02,Chase Checking,USD
Whataburger,3.67,117.69,310.34,122.47,Eating/Drinking Out,2024-05-02,UFCU Platinum Cashback,USD
Ram Austin Property Management,927.49,29743.68,"78,429.63","30,950.81",Rent,2024-05-03,WF Checking,USD
Trader Joe's,5.4,173.17,456.63,180.2,Miscellaneous,2024-05-03,Chase Checking,USD
Target,5.67,181.83,479.46,189.21,Groceries,2024-05-04,UFCU Platinum Cashback,USD
Target,11.22,359.81,948.78,374.42,Groceries,2024-05-05,UFCU Platinum Cashback,USD
Flower Child,17.21,551.91,"1,455.30",574.31,Eating/Drinking Out,2024-05-06,Discover It Cashback,USD
Target,17.53,562.17,"1,482.36",584.98,Miscellaneous,2024-05-06,UFCU Platinum Cashback,USD
Uber,8.2,262.97,693.4,273.64,Travel,2024-05-08,Chase Freedom Flex,USD
Tickermaster,25,801.73,"2,114.03",834.26,Entertainment,2024-05-08,SoFi Checking,USD
TikTok Shop,25.5,817.76,"2,156.31",850.95,Miscellaneous,2024-05-09,WF Checking,USD
Debit Card Fee,4.19,134.25,354,139.7,Fees,2024-05-09,Bank of Baroda Savings,INR
Whataburger,3.56,114.17,301.04,118.8,Eating/Drinking Out,2024-05-10,Discover It Cashback,USD
Cuts by Them,60.5,1940.17,"5,115.95","2,018.92",Miscellaneous,2024-05-12,Chase Freedom Flex,USD
Chick-fil-A,3.19,102.3,269.75,106.45,Eating/Drinking Out,2024-05-14,Discover It Cashback,USD
Google One,3.19,102.3,269.75,106.45,Subscriptions,2024-05-14,Discover It Cashback,USD
Monthly Service Fee,10,320.69,845.61,333.71,Fees,2024-05-15,WF Checking,USD
Twin Liquors,13.85,444.16,"1,171.17",462.18,Groceries,2024-05-15,Chase Checking,USD
Monthly Service Fee,12,384.83,"1,014.73",400.45,Fees,2024-05-15,Chase Checking,USD
Electricity & Internet,95.18,3052.33,"8,048.53","3,176.20",Utilities,2024-05-16,Chase Checking,USD
Apple,20.57,659.66,"1,739.42",686.43,Tech,2024-05-18,Chase Freedom Flex,USD
Costco,20,641.38,"1,691.22",667.41,Apparel,2024-05-19,Chase Checking,USD
Taco Bell,15.25,489.05,"1,289.56",508.9,Eating/Drinking Out,2024-05-20,WF Checking,USD
Whataburger,4.44,142.39,375.45,148.17,Eating/Drinking Out,2024-05-21,Chase Freedom Flex,USD
Buc-ee's,34.11,1093.87,"2,884.38","1,138.27",Gas,2024-05-21,WF Checking,USD
QDOBA,12.62,404.71,"1,067.16",421.14,Eating/Drinking Out,2024-05-21,WF Checking,USD
Ultra Mobile,28.06,899.86,"2,372.79",936.38,Utilities,2024-05-21,WF Checking,USD
Wendy's,11.15,357.57,942.86,372.08,Eating/Drinking Out,2024-05-22,WF Checking,USD
Amy's,12.97,415.93,"1,096.76",432.82,Eating/Drinking Out,2024-05-22,Chase Freedom Flex,USD
Interest,14.5,465,"1,226.14",483.87,Fees,2024-05-22,UFCU Platinum Cashback,USD
Insurance Debt Protection,2.2,70.55,186.03,73.42,Fees,2024-05-22,UFCU Platinum Cashback,USD
Airtel,10.63,340.94,899,354.77,Utilities,2024-05-22,Axis Bank Savings,INR
Spotify,6.48,207.81,547.96,216.24,Subscriptions,2024-05-23,Discover It Cashback,USD
Far EasTone,56.13,1800,"4,746.33","1,873.05",Utilities,2024-05-23,Cash,TWD
iPass,12.47,400,"1,054.74",416.23,Travel,2024-05-23,Cash,TWD
Beauty Hotels Taipei - Hotel B7,41.24,1322.53,"3,487.30","1,376.20",Travel,2024-05-23,WF Checking,USD
FamilyMart,5.49,176,464.09,183.14,Eating/Drinking Out,2024-05-23,Cash,TWD
Pradhan Mantri Suraksha Bima Yojana Premium,0.24,7.58,20,7.89,Miscellaneous,2024-05-23,Bank of Baroda Savings,INR
Olympia Bakery,1.56,50,131.84,52.03,Eating/Drinking Out,2024-05-24,Cash,TWD
Uber,18.31,587.18,"1,548.31",611.01,Travel,2024-05-24,WF Checking,USD
Rent,311.83,10000,"26,368.51","10,405.84",Rent,2024-05-24,Cash,TWD
Mydesy Cafe,4.99,160,421.9,166.49,Eating/Drinking Out,2024-05-24,Cash,TWD
Ikea,10.16,325.82,859.14,339.04,Miscellaneous,2024-05-24,WF Checking,USD
McDonald's,4.16,133.41,351.77,138.82,Eating/Drinking Out,2024-05-24,CapitalOne Checking,USD
Carrefour,3.43,110,290.05,114.46,Groceries,2024-05-25,Cash,TWD
MWD Cafe,4.37,140,369.16,145.68,Eating/Drinking Out,2024-05-25,Cash,TWD
Shin Kong Mitsukoshi,0.78,25,65.92,26.01,Groceries,2024-05-25,Cash,TWD
Ikea,19.6,628.55,"1,657.40",654.06,Miscellaneous,2024-05-25,WF Checking,USD
Ikea,4.76,152.65,402.51,158.84,Eating/Drinking Out,2024-05-25,WF Checking,USD
7-Eleven,0.9,29,76.47,30.18,Eating/Drinking Out,2024-05-25,Cash,TWD
7-Eleven,4.02,129,340.15,134.24,Eating/Drinking Out,2024-05-25,Cash,TWD
Taipei 101 Gift Shop,1.91,61.25,161.51,63.74,Miscellaneous,2024-05-26,WF Checking,USD
KadoKado (Taipei 101),10.55,338.33,892.12,352.06,Eating/Drinking Out,2024-05-26,WF Checking,USD
R9 Cafe,6.24,200,527.37,208.12,Eating/Drinking Out,2024-05-26,Cash,TWD
Carrefour,23.85,764.85,"2,016.78",795.89,Groceries,2024-05-26,Cash,TWD
ATM Fee,5,160.35,422.81,166.85,Fees,2024-05-26,WF Checking,USD
CLD Office,24.63,790,"2,083.11",822.06,Education,2024-05-27,Cash,TWD
MWD Cafe,1.56,50,131.84,52.03,Eating/Drinking Out,2024-05-27,Cash,TWD
Buddha Vegetarian Paradise,4.68,150,395.53,156.09,Eating/Drinking Out,2024-05-27,Cash,TWD
Carrefour,6.07,194.66,513.29,202.56,Groceries,2024-05-27,Cash,TWD
Jia Shi Fang Canteen,1.4,45,118.66,46.83,Eating/Drinking Out,2024-05-28,Cash,TWD
ATM Fee,5,160.35,422.81,166.85,Fees,2024-05-28,WF Checking,USD
ATM Fee,5,160.35,422.81,166.85,Fees,2024-05-28,WF Checking,USD
Carrefour,15.7,503.48,"1,327.61",523.92,Groceries,2024-05-28,WF Checking,USD
7-Eleven,0.94,30,79.11,31.22,Eating/Drinking Out,2024-05-28,Cash,TWD
7-Eleven,0.87,28,73.83,29.14,Eating/Drinking Out,2024-05-28,Cash,TWD
FamilyMart,1.93,62,163.48,64.52,Eating/Drinking Out,2024-05-29,Cash,TWD
Target Bakery,2.49,80,210.95,83.25,Eating/Drinking Out,2024-05-29,Cash,TWD
Daiso,4.33,139,366.52,144.64,Miscellaneous,2024-05-29,Cash,TWD
Uber Eats,12.02,385.47,"1,016.43",401.11,Eating/Drinking Out,2024-05-29,WF Checking,USD
T-Pass,37.42,1200,"3,164.22","1,248.70",Travel,2024-05-29,Cash,TWD
iPass Reload,18.71,600,"1,582.11",624.35,Travel,2024-05-29,Cash,TWD
Jia Shi Fang Canteen,1.4,45,118.66,46.83,Eating/Drinking Out,2024-05-30,Cash,TWD
Laundry,2.49,80,210.95,83.25,Miscellaneous,2024-05-30,Cash,TWD
Macho Tacos,28.28,907,"2,391.62",943.81,Eating/Drinking Out,2024-05-30,Cash,TWD
Jia Shi Fang Canteen,1.4,45,118.66,46.83,Eating/Drinking Out,2024-05-31,Cash,TWD
白帝城川式滷味(公館店）,3.74,120,316.42,124.87,Eating/Drinking Out,2024-05-31,Cash,TWD
Street Food,2.25,72,189.85,74.92,Eating/Drinking Out,2024-05-31,Cash,TWD
89 Loop Sports Bar,9.35,300,791.06,312.18,Eating/Drinking Out,2024-05-31,Cash,TWD
FamilyMart,1.09,35,92.29,36.42,Eating/Drinking Out,2024-06-01,Cash,TWD
Vegan Taipei,3.8,121.86,321.33,126.81,Eating/Drinking Out,2024-06-01,WF Checking,USD
Pizza Bear Cafe,18.02,578,"1,524.10",601.46,Eating/Drinking Out,2024-06-01,Cash,TWD
Uber,2.85,91.4,241,95.11,Travel,2024-06-01,WF Checking,USD
Rent,927.49,29743.68,"78,429.63","30,950.81",Rent,2024-06-02,WF Checking,USD
Mister Donut,1.2,38.48,101.47,40.04,Eating/Drinking Out,2024-06-02,CapitalOne Checking,USD
Carrefour,12.14,389.32,"1,026.57",405.12,Groceries,2024-06-02,WF Checking,USD
Carrefour,5.61,179.91,474.39,187.21,Groceries,2024-06-02,WF Checking,USD
ATM Fee,5,160.35,422.81,166.85,Fees,2024-06-02,WF Checking,USD
Interest,21.16,678.58,"1,789.31",706.12,Fees,2024-06-02,Discover It Cashback,USD
Laundry,1.25,40,105.47,41.62,Miscellaneous,2024-06-02,Cash,TWD
Jia Shi Fang Canteen,1.4,45,118.66,46.83,Eating/Drinking Out,2024-06-03,Cash,TWD
NTU Main Library,0.12,4,10.55,4.16,Education,2024-06-03,Cash,TWD
Jin Shing Fa,2.15,68.95,181.81,71.75,Groceries,2024-06-03,WF Checking,USD
Family Mart,3.67,117.69,310.34,122.47,Eating/Drinking Out,2024-06-03,CapitalOne Checking,USD
Jia Shi Fang Canteen,1.4,45,118.66,46.83,Eating/Drinking Out,2024-06-04,Cash,TWD
Carrefour,19.36,621,"1,637.48",646.2,Groceries,2024-06-04,Cash,TWD
Jia Shi Fang Canteen,1.4,45,118.66,46.83,Eating/Drinking Out,2024-06-05,Cash,TWD
Carrefour,8.2,262.97,693.4,273.64,Groceries,2024-06-05,CapitalOne Checking,USD
Uber Eats,9.3,298.24,786.42,310.35,Eating/Drinking Out,2024-06-05,WF Checking,USD
Debit Card Fee,4.19,134.25,354,139.7,Fees,2024-06-05,Axis Bank Savings,INR
Jia Shi Fang Canteen,1.4,45,118.66,46.83,Eating/Drinking Out,2024-06-06,Cash,TWD
Cosmed,12.44,399,"1,052.10",415.19,Miscellaneous,2024-06-06,Cash,TWD
Laundry,1.25,40,105.47,41.62,Miscellaneous,2024-06-06,Cash,TWD
Jia Shi Fang Canteen,1.4,45,118.66,46.83,Eating/Drinking Out,2024-06-07,Cash,TWD
7-Eleven,2.13,68.31,180.12,71.08,Eating/Drinking Out,2024-06-07,WF Checking,USD
Uber Eats,6.03,193.38,509.9,201.22,Eating/Drinking Out,2024-06-07,WF Checking,USD
Carrefour,1.87,59.97,158.13,62.4,Groceries,2024-06-08,WF Checking,USD
Cama Cafe,6.03,193.38,509.9,201.22,Eating/Drinking Out,2024-06-08,WF Checking,USD
Lucy's,10.55,338.33,892.12,352.06,Apparel,2024-06-08,WF Checking,USD
BaganHood,46.77,1499.87,"3,954.93","1,560.74",Eating/Drinking Out,2024-06-08,WF Checking,USD
Uber Eats,6.97,223.52,589.39,232.59,Eating/Drinking Out,2024-06-09,WF Checking,USD
Family Mart,0.64,20.52,54.12,21.36,Eating/Drinking Out,2024-06-10,WF Checking,USD
Caffe Ruelle,12.78,410,"1,081.11",426.64,Eating/Drinking Out,2024-06-10,Cash,TWD
Uber,6.07,194.66,513.29,202.56,Travel,2024-06-10,WF Checking,USD
Family Mart,2.18,69.91,184.34,72.75,Eating/Drinking Out,2024-06-10,UFCU Platinum Cashback,USD
Family Mart,12.08,387.39,"1,021.50",403.12,Eating/Drinking Out,2024-06-10,WF Checking,USD
Jia Shi Fang Canteen,1.4,45,118.66,46.83,Eating/Drinking Out,2024-06-11,Cash,TWD
Uber Eats,6.19,198.51,523.43,206.56,Eating/Drinking Out,2024-06-11,WF Checking,USD
Jia Shi Fang Canteen,1.09,35,92.29,36.42,Eating/Drinking Out,2024-06-12,Cash,TWD
wowffles,5.46,175,461.45,182.1,Eating/Drinking Out,2024-06-12,Cash,TWD
Jia Shi Fang Canteen,1.09,35,92.29,36.42,Eating/Drinking Out,2024-06-13,Cash,TWD
Uber Eats,9.39,301.13,794.03,313.35,Eating/Drinking Out,2024-06-13,UFCU Checking,USD
Jia Shi Fang Canteen,1.09,35,92.29,36.42,Eating/Drinking Out,2024-06-14,Cash,TWD
Laundry,3.74,120,316.42,124.87,Miscellaneous,2024-06-14,Cash,TWD
Uber Eats,10.13,324.86,856.6,338.04,Eating/Drinking Out,2024-06-14,WF Checking,USD
Carrefour,7.41,237.63,626.6,247.28,Groceries,2024-06-14,UFCU Checking,USD
FamilyMart,2.18,69.91,184.34,72.75,Eating/Drinking Out,2024-06-15,UFCU Platinum Cashback,USD
ATM Fee,5,160.35,422.81,166.85,Fees,2024-06-15,WF Checking,USD
Zhongshen Artisan Market,46.77,1500,"3,955.28","1,560.88",Apparel,2024-06-15,Cash,TWD
Many Stationey,10.42,334,880.71,347.56,Miscellaneous,2024-06-15,Cash,TWD
COMEBUY Tea,2.81,90,237.32,93.65,Eating/Drinking Out,2024-06-15,Cash,TWD
FamilyMart,1.72,55.16,145.45,57.4,Eating/Drinking Out,2024-06-15,UFCU Checking,USD
Yangming Spring Creative Vegetarian Cuisine,8.42,270,711.95,280.96,Eating/Drinking Out,2024-06-16,Cash,TWD
Google One,3.19,102.3,269.75,106.45,Subscriptions,2024-06-16,WF Checking,USD
iCloud+,2.99,95.89,252.84,99.78,Subscriptions,2024-06-16,WF Checking,USD
Uber Eats,7.15,229.29,604.61,238.6,Eating/Drinking Out,2024-06-16,UFCU Checking,USD
Carrefour,4.78,153.29,404.2,159.51,Eating/Drinking Out,2024-06-16,UFCU Platinum Cashback,USD
Jia Shi Fang Canteen,1.09,35,92.29,36.42,Eating/Drinking Out,2024-06-17,Cash,TWD
Target Bakery,0.94,30,79.11,31.22,Eating/Drinking Out,2024-06-17,Cash,TWD
Macho Tacos,5.77,185,487.82,192.51,Eating/Drinking Out,2024-06-17,Cash,TWD
Carrefour,8.91,285.73,753.44,297.33,Groceries,2024-06-17,CapitalOne Checking,USD
Monthly Service Fee,12,384.83,"1,014.73",400.45,Fees,2024-06-17,Chase Checking,USD
Monthly Service Fee,10,320.69,845.61,333.71,Fees,2024-06-17,WF Checking,USD
Jia Shi Fang Canteen,1.09,35,92.29,36.42,Eating/Drinking Out,2024-06-18,Cash,TWD
MOS Burger,5.57,178.62,471.01,185.87,Eating/Drinking Out,2024-06-18,CapitalOne Checking,USD
Carrefour,4.42,141.74,373.76,147.5,Eating/Drinking Out,2024-06-18,CapitalOne Checking,USD
Jia Shi Fang Canteen,1.09,35,92.29,36.42,Eating/Drinking Out,2024-06-19,Cash,TWD
Carrefour,1.21,38.8,102.32,40.38,Eating/Drinking Out,2024-06-19,CapitalOne Checking,USD
Pizza Rock,5.89,189,498.36,196.67,Eating/Drinking Out,2024-06-19,Cash,TWD
Pizza Rock,1.7,54.52,143.75,56.73,Eating/Drinking Out,2024-06-19,CapitalOne Checking,USD
Jia Shi Fang Canteen,1.09,35,92.29,36.42,Eating/Drinking Out,2024-06-20,Cash,TWD
ATM Fee,5,178.62,422.81,166.85,Fees,2024-06-20,WF Checking,USD
FamilyMart,1.09,35,92.29,36.42,Eating/Drinking Out,2024-06-20,Cash,TWD
Macho Tacos,20.89,670,"1,766.69",697.19,Eating/Drinking Out,2024-06-20,Cash,TWD
Carrefour,9.73,312,822.7,324.66,Eating/Drinking Out,2024-06-20,Cash,TWD
Jia Shi Fang Canteen,1.09,35,92.29,36.42,Eating/Drinking Out,2024-06-21,Cash,TWD
FamilyMart,1.09,35,92.29,36.42,Eating/Drinking Out,2024-06-21,Cash,TWD
Carrefour,9.82,315,830.61,327.78,Groceries,2024-06-21,Cash,TWD
Rent,308.71,9900,"26,104.82","10,301.79",Rent,2024-06-21,Cash,TWD
Uber Eats,6.16,197.55,520.9,205.56,Eating/Drinking Out,2024-06-21,WF Checking,USD
Laundry,3.74,120,316.42,124.87,Miscellaneous,2024-06-22,Cash,TWD
FamilyMart,2.49,80,210.95,83.25,Eating/Drinking Out,2024-06-22,Cash,TWD
Jioufen Tea House,17.15,550,"1,450.27",572.32,Eating/Drinking Out,2024-06-22,Cash,TWD
Jioufen Waffle Shop,4.99,160,421.9,166.49,Eating/Drinking Out,2024-06-22,Cash,TWD
Interest,14.73,472.38,"1,245.59",491.55,Fees,2024-06-22,UFCU Platinum Cashback,USD
Insurance Debt Protection,2.2,70.55,186.03,73.42,Fees,2024-06-22,UFCU Platinum Cashback,USD
Taxi,3.12,100,263.69,104.06,Travel,2024-06-23,Cash,TWD
Local Train,5.28,169.32,446.48,176.2,Travel,2024-06-23,WF Checking,USD
Fulong Beach Entry,6.86,220,580.11,228.93,Travel,2024-06-23,Cash,TWD
Waves Taco,8.2,262.97,693.4,273.64,Eating/Drinking Out,2024-06-23,WF Checking,USD
Jia Shi Fang Canteen,1.09,35,92.29,36.42,Eating/Drinking Out,2024-06-24,Cash,TWD
ATM Fee,5,160.35,422.81,166.85,Fees,2024-06-24,WF Checking,USD
CosMed,12.44,399,"1,052.10",415.19,Miscellaneous,2024-06-24,Cash,TWD
Jia Shi Fang Canteen,1.09,35,92.29,36.42,Eating/Drinking Out,2024-06-25,Cash,TWD
9 Days Coffee,2.96,95,250.5,98.86,Eating/Drinking Out,2024-06-25,Cash,TWD
Electricity & Internet,109.9,3524.38,"9,293.27","3,667.42",Utilities,2024-06-25,WF Checking,USD
7-Eleven,0.86,27.58,72.72,28.7,Eating/Drinking Out,2024-06-25,CapitalOne Checking,USD
Jia Shi Fang Canteen,1.09,35,92.29,36.42,Eating/Drinking Out,2024-06-26,Cash,TWD
Gakuden Boulangerie,1.87,60,158.21,62.44,Eating/Drinking Out,2024-06-26,Cash,TWD
Ching Shin Fu Chuan Tea Station,2.18,70,184.58,72.84,Eating/Drinking Out,2024-06-26,Cash,TWD
SMS Charges,0,0.09,0.24,0.09,Fees,2024-06-26,Bank of Baroda Savings,INR
FamilyMart,1.09,35,92.29,36.42,Eating/Drinking Out,2024-06-27,Cash,TWD
Jia Shi Fang Canteen,1.09,35,92.29,36.42,Eating/Drinking Out,2024-06-27,Cash,TWD
FamilyMart,1.09,35,92.29,36.42,Eating/Drinking Out,2024-06-27,CapitalOne Checking,USD
Shine Mood Waffle,2.49,80,210.95,83.25,Eating/Drinking Out,2024-06-27,Cash,TWD
Carrefour,21.82,699.75,"1,845.12",728.14,Groceries,2024-06-27,WF Checking,USD
Jia Shi Fang Canteen,1.09,35,92.29,36.42,Eating/Drinking Out,2024-06-28,Cash,TWD
Carrefour,1.18,38,100.2,39.54,Eating/Drinking Out,2024-06-28,Cash,TWD
Laundry,2.49,80,210.95,83.25,Miscellaneous,2024-06-28,Cash,TWD
FamilyMart,1.08,34.63,91.33,36.04,Eating/Drinking Out,2024-06-28,CapitalOne Checking,USD
Revolver,28.06,900,"2,373.17",936.53,Entertainment,2024-06-28,Cash,TWD
The Wall,9.35,300,791.06,312.18,Entertainment,2024-06-28,Cash,TWD
Hala Planet,2.81,90,237.32,93.65,Entertainment,2024-06-28,Cash,TWD
MOS Burger,7.02,225,593.29,234.13,Eating/Drinking Out,2024-06-29,Cash,TWD
FamilyMart,1.42,45.54,120.08,47.39,Eating/Drinking Out,2024-06-29,WF Checking,USD
Uber,9.5,304.66,803.33,317.02,Travel,2024-06-29,WF Checking,USD
Laundry,1.25,40,105.47,41.62,Miscellaneous,2024-06-29,Cash,TWD
Uber Eats,10.79,346.02,912.41,360.07,Eating/Drinking Out,2024-06-29,WF Checking,USD
Saizeriya,12.94,415,"1,094.29",431.84,Eating/Drinking Out,2024-06-30,Cash,TWD
Thai Lion Air,96.52,3095.3,"8,161.84","3,220.92",Travel,2024-06-30,Chungwa Post Bank Passbook,TWD
Thai Air Asia,108.1,6874,"9,141.06","3,607.35",Travel,2024-06-30,Chungwa Post Bank Passbook,TWD
Jia Shi Fang Canteen,1.25,40,105.47,41.62,Eating/Drinking Out,2024-07-01,Cash,TWD
IKEA,6.8,218,574.83,226.85,Eating/Drinking Out,2024-07-01,Cash,TWD
IKEA,6.83,219,577.47,227.89,Groceries,2024-07-01,Cash,TWD
Jia Shi Fang Canteen,1.25,40,105.47,41.62,Eating/Drinking Out,2024-07-02,Cash,TWD
Touch Cafe,1.59,50.99,134.45,53.06,Eating/Drinking Out,2024-07-02,WF Checking,USD
Interest,20.83,668,"1,761.41",695.11,Fees,2024-07-02,Discover It Cashback,USD
Jia Shi Fang Canteen,1.25,40,105.47,41.62,Eating/Drinking Out,2024-07-03,Cash,TWD
Rent,927.49,29743.68,"78,429.63","30,950.81",Rent,2024-07-03,WF Checking,USD
Vending Machine,1.25,40,105.47,41.62,Eating/Drinking Out,2024-07-03,Cash,TWD
MORE FIT,15.59,500,"1,318.43",520.29,Miscellaneous,2024-07-03,Chungwa Post Bank Passbook,TWD
PX Mart,5.86,188,495.73,195.63,Groceries,2024-07-03,Chungwa Post Bank Passbook,TWD
Uber Eats,6.2,198.83,524.28,206.9,Eating/Drinking Out,2024-07-03,Chase Freedom Flex,TWD
Jia Shi Fang Canteen,1.25,40,105.47,41.62,Eating/Drinking Out,2024-07-04,Cash,TWD
Carrefour,2.28,73.12,192.8,76.08,Groceries,2024-07-04,WF Checking,USD
Hannah Laundry,0.62,20,52.74,20.81,Miscellaneous,2024-07-04,Cash,TWD
Jia Shi Fang Canteen,1.25,40,105.47,41.62,Eating/Drinking Out,2024-07-05,Cash,TWD
CosMed,5.86,188,495.73,195.63,Miscellaneous,2024-07-05,Chungwa Post Bank Passbook,TWD
Carrefour,2.78,89,234.68,92.61,Groceries,2024-07-05,Chungwa Post Bank Passbook,TWD
Laundry,1.25,40,105.47,41.62,Miscellaneous,2024-07-05,Cash,TWD
Revolver,20.27,650,"1,713.95",676.38,Entertainment,2024-07-05,Cash,TWD
NALA's Mexican Food,4.99,160,421.9,166.49,Eating/Drinking Out,2024-07-06,Cash,TWD
Coffee.Tea.Or,3.43,110,290.05,114.46,Eating/Drinking Out,2024-07-06,Cash,TWD
Carrefour,2.29,73.44,193.65,76.42,Groceries,2024-07-06,Chase Freedom Flex,USD
Local Train,4.49,144,379.71,149.84,Travel,2024-07-07,Chungwa Post Bank Passbook,TWD
FamilyMart,1.11,35.6,93.86,37.04,Eating/Drinking Out,2024-07-07,Chase Freedom Flex,USD
Lou-A-Chu,12.47,400,"1,054.74",416.23,Eating/Drinking Out,2024-07-07,Cash,TWD
Food Stall,3.12,100,263.69,104.06,Eating/Drinking Out,2024-07-07,Cash,TWD
Houtong Gift Shop,10.6,340,896.53,353.8,Miscellaneous,2024-07-07,Cash,TWD
FamilyMart,2.67,85.62,225.78,89.1,Eating/Drinking Out,2024-07-07,Chase Freedom Flex,USD
Electricity & Internet,94.72,3037.58,"8,009.63","3,160.85",Utilities,2024-07-08,WF Checking,USD
Jia Shi Fang Canteen,1.25,40,105.47,41.62,Eating/Drinking Out,2024-07-08,Cash,TWD
KFC,3.4,109.03,287.51,113.46,Eating/Drinking Out,2024-07-08,CapitalOne Checking,USD
Ying Junzi Vegetarian Noodles Store,2.34,75,197.76,78.04,Eating/Drinking Out,2024-07-08,Cash,TWD
Vending Machine,1.4,45,118.66,46.83,Eating/Drinking Out,2024-07-09,Cash,TWD
Jia Shi Fang Canteen,1.25,40,105.47,41.62,Eating/Drinking Out,2024-07-09,Cash,TWD
Vending Machine,0.62,20,52.74,20.81,Eating/Drinking Out,2024-07-09,Cash,TWD
yet coffee x deep work ,4.99,160,421.9,166.49,Eating/Drinking Out,2024-07-09,Cash,TWD
Jia Shi Fang Canteen,1.25,40,105.47,41.62,Eating/Drinking Out,2024-07-10,Cash,TWD
Hi-Life,0.89,28.54,75.26,29.7,Eating/Drinking Out,2024-07-10,Chase Freedom Flex,USD
Uber,7.17,230,606.48,239.33,Travel,2024-07-10,Cash,TWD
LUX CINEMA,8.73,280,738.32,291.36,Entertainment,2024-07-10,Cash,TWD
99 King of Thailand,11.54,370,975.63,385.02,Eating/Drinking Out,2024-07-10,Cash,TWD
Coco Bar,5.77,185,487.82,192.51,Entertainment,2024-07-10,Cash,TWD
FamilyMart,2.98,95.57,251.99,99.44,Eating/Drinking Out,2024-07-10,Chase Freedom Flex,USD
Jia Shi Fang Canteen,1.25,40,105.47,41.62,Eating/Drinking Out,2024-07-11,Cash,TWD
Vending Machine,0.62,20,52.74,20.81,Eating/Drinking Out,2024-07-11,Cash,TWD
Uber Eats,9.36,300.17,791.49,312.35,Eating/Drinking Out,2024-07-11,CapitalOne Checking,USD
Jia Shi Fang Canteen,1.25,40,105.47,41.62,Eating/Drinking Out,2024-07-12,Cash,TWD
FamilyMart,1.78,57.08,150.52,59.4,Eating/Drinking Out,2024-07-12,Chase Freedom Flex,USD
Skyline Park Beer Bar,15.28,490,"1,292.06",509.89,Eating/Drinking Out,2024-07-12,Cash,TWD
FamilyMart,3.86,123.79,326.41,128.81,Eating/Drinking Out,2024-07-12,CapitalOne Checking,USD
Uber,4.57,146.56,386.44,152.5,Travel,2024-07-12,CapitalOne Checking,USD
Mana,58.62,1880,"4,957.28","1,956.30",Apparel,2024-07-13,Cash,TWD
H&M,10.75,344.74,909.03,358.73,Apparel,2024-07-13,CapitalOne Checking,USD
7-Eleven,0.86,27.58,72.72,28.7,Eating/Drinking Out,2024-07-13,CapitalOne Checking,USD
Gan Mei Alley,9.35,300,791.06,312.18,Eating/Drinking Out,2024-07-13,Cash,TWD
Cosmed,9.95,319.09,841.38,332.04,Apparel,2024-07-13,CapitalOne Checking,USD
Hannah Vending Machine,1.09,35,92.29,36.42,Eating/Drinking Out,2024-07-13,Cash,TWD
FamilyMart,3.11,99.73,262.99,103.78,Eating/Drinking Out,2024-07-13,CapitalOne Checking,USD
G Star Club,15.59,500,"1,318.43",520.29,Entertainment,2024-07-13,Cash,TWD
Uber Eats,7.11,228.01,601.23,237.26,Eating/Drinking Out,2024-07-14,CapitalOne Checking,USD
Vending Machine,0.78,25,65.92,26.01,Eating/Drinking Out,2024-07-14,Cash,TWD
Jia Shi Fang Canteen,1.25,40,105.47,41.62,Eating/Drinking Out,2024-07-15,Cash,TWD
FamilyMart,3.17,101.66,268.06,105.78,Eating/Drinking Out,2024-07-15,Chase Freedom Flex,USD
UBike ,0.62,20,52.74,20.81,Travel,2024-07-15,Cash,TWD
National Taiwan Science Education Center,2.18,70,184.58,72.84,Entertainment,2024-07-15,Cash,TWD
Hong Lin Vegetarian Restaurant,8.42,270,711.95,280.96,Eating/Drinking Out,2024-07-15,Cash,TWD
Milksha ,2.34,75,197.76,78.04,Eating/Drinking Out,2024-07-15,Cash,TWD
Jia Shi Fang Canteen,1.25,40,105.47,41.62,Eating/Drinking Out,2024-07-16,Cash,TWD
CAFE!N,1.87,60,158.21,62.44,Eating/Drinking Out,2024-07-16,Cash,TWD
Saizeriya,6.24,200,527.37,208.12,Eating/Drinking Out,2024-07-16,Cash,TWD
Carrefour,4.06,130.2,343.32,135.48,Eating/Drinking Out,2024-07-16,CapitalOne Checking,USD
Monthly Service Fee,10,320.69,845.61,333.71,Fees,2024-07-16,WF Checking,USD
Monthly Service Fee,12,384.83,"1,014.73",400.45,Fees,2024-07-16,Chase Checking,USD
Jia Shi Fang Canteen,1.25,40,105.47,41.62,Eating/Drinking Out,2024-07-17,Cash,TWD
Touch Cafe,1.38,44.26,116.69,46.05,Eating/Drinking Out,2024-07-17,CapitalOne Checking,USD
iCloud+,2.99,95.89,252.84,99.78,Subscriptions,2024-07-17,WF Checking,USD
Google One,3.19,102.3,269.75,106.45,Subscriptions,2024-07-17,WF Checking,USD
Jia Shi Fang Canteen,1.25,40,105.47,41.62,Eating/Drinking Out,2024-07-18,Cash,TWD
FamilyMart,1.97,63.18,166.59,65.74,Eating/Drinking Out,2024-07-18,CapitalOne Checking,USD
Decathlon,7.65,245.33,646.89,255.28,Apparel,2024-07-18,CapitalOne Checking,USD
Uber Eats,7.99,256.23,675.64,266.63,Eating/Drinking Out,2024-07-18,CapitalOne Checking,USD
Jia Shi Fang Canteen,1.25,40,105.47,41.62,Eating/Drinking Out,2024-07-19,Cash,TWD
Oba Friend Buns,2.49,80,210.95,83.25,Eating/Drinking Out,2024-07-19,Cash,TWD
Grilled Oyster Mushroom,3.12,100,263.69,104.06,Eating/Drinking Out,2024-07-19,Cash,TWD
FamilyMart,0.92,29.5,77.8,30.7,Eating/Drinking Out,2024-07-19,CapitalOne Checking,USD
foodpanda,8.11,260.08,685.79,270.63,Eating/Drinking Out,2024-07-20,WF Checking,USD
Vending Machine,0.78,25,65.92,26.01,Eating/Drinking Out,2024-07-20,Cash,TWD
Laundry,2.49,80,210.95,83.25,Miscellaneous,2024-07-20,Cash,TWD
Maokong Gondola,3.66,117.37,309.49,122.14,Travel,2024-07-21,CapitalOne Checking,USD
Hi-Life,1.95,62.53,164.89,65.07,Eating/Drinking Out,2024-07-21,CapitalOne Checking,USD
Ultra Mobile,28.12,901.78,"2,377.86",938.38,Utilities,2024-07-21,Discover It Cashback,USD
Uber Eats,13.12,420.75,"1,109.44",437.82,Eating/Drinking Out,2024-07-21,CapitalOne Checking,USD
Jia Shi Fang Canteen,1.25,40,105.47,41.62,Eating/Drinking Out,2024-07-22,Cash,TWD
Simple Kaffa Huashan,6,192.41,507.37,200.22,Eating/Drinking Out,2024-07-22,CapitalOne Checking,USD
Luckstar Banquet Hall,13,417,"1,099.57",433.92,Eating/Drinking Out,2024-07-22,Cash,TWD
CAFE WITH MEI,5.3,170,448.26,176.9,Eating/Drinking Out,2024-07-22,Cash,TWD
Interest,14.54,466.28,"1,229.52",485.21,Fees,2024-07-22,UFCU Platinum Cashback,USD
Insurance Debt Protection,2.13,68.31,180.12,71.08,Fees,2024-07-22,UFCU Platinum Cashback,USD
Rent,280.02,8980,"23,678.92","9,344.45",Rent,2024-07-23,Cash,TWD
Jia Shi Fang Canteen,1.25,40,105.47,41.62,Eating/Drinking Out,2024-07-23,Cash,TWD
Taipei Fine Arts Museum,0.47,15,39.55,15.61,Entertainment,2024-07-23,Cash,TWD
好想吃冰,11.19,359,946.63,373.57,Eating/Drinking Out,2024-07-23,Cash,TWD
Carrefour,14.15,453.78,"1,196.54",472.19,Groceries,2024-07-23,CapitalOne Checking,USD
eSim Thailand,10.99,352.44,929.33,366.74,Travel,2024-07-24,Chase Freedom Flex,USD
Uber,13.84,443.83,"1,170.33",461.85,Travel,2024-07-25,CapitalOne Checking,USD
Thailand Cash,145.36,4661.55,"12,291.81","4,850.74",Miscellaneous,2024-07-26,CapitalOne Checking,USD
Dhevi Bangkok Hotel,92.21,2957.08,"7,797.38","3,077.09",Travel,2024-07-26,CapitalOne Checking,USD
Thailand Taxis,55.42,1777.26,"4,686.38","1,849.39",Travel,2024-07-26,CapitalOne Checking,USD
Iron Balls - The Parlor,51.19,1641.61,"4,328.69","1,708.24",Eating/Drinking Out,2024-07-27,CapitalOne Checking,USD
Dhevi Bangkok Hotel Room Service,19.69,631.44,"1,665.01",657.07,Eating/Drinking Out,2024-07-27,CapitalOne Checking,USD
T-Pass,37.42,1200,"3,164.22","1,248.70",Travel,2024-07-29,Cash,TWD
FamilyMart,5.77,631.44,487.92,192.55,Eating/Drinking Out,2024-07-29,CapitalOne Checking,USD
Uber Eats,15.28,1200,"1,292.09",509.9,Eating/Drinking Out,2024-07-30,CapitalOne Checking,USD
Uber,5.27,185.04,445.64,175.86,Travel,2024-07-31,CapitalOne Checking,USD
Uber,9.75,490.01,824.47,325.36,Travel,2024-07-31,CapitalOne Checking,USD
Jia Shi Fang Canteen,1.25,40,105.47,41.62,Eating/Drinking Out,2024-07-31,Cash,TWD
Sunny Hills,4.05,130,342.79,135.28,Eating/Drinking Out,2024-07-31,Cash,TWD
植日生手作蔬食,8.42,270,711.95,280.96,Eating/Drinking Out,2024-07-31,Cash,TWD
Miramar Ferris Wheel,4.68,150,395.53,156.09,Entertainment,2024-07-31,Cash,TWD
Starbucks,8.51,272.91,719.62,283.98,Eating/Drinking Out,2024-07-31,CapitalOne Checking,USD
Jia Shi Fang Canteen,1.25,40,105.47,41.62,Eating/Drinking Out,2024-08-01,Cash,TWD
Brass Joy Cafe,3.74,120,316.42,124.87,Eating/Drinking Out,2024-08-01,Cash,TWD
Macho Tacos,11.23,360,949.27,374.61,Eating/Drinking Out,2024-08-01,Cash,TWD
Brass Joy Cafe,3.68,118.01,311.19,122.8,Eating/Drinking Out,2024-08-01,CapitalOne Checking,USD
Carrefour,3.39,108.71,286.66,113.13,Miscellaneous,2024-08-02,Chase Freedom Flex,USD
Jia Shi Fang Canteen,1.25,40,105.47,41.62,Eating/Drinking Out,2024-08-02,Cash,TWD
Carrefour,4.52,144.95,382.22,150.83,Miscellaneous,2024-08-02,Chase Freedom Flex,USD
Interest,21.1,676.66,"1,784.24",704.12,Fees,2024-08-02,Discover It Cashback,USD
Rent,877.49,28140.23,"74,201.57","29,282.28",Rent,2024-08-03,WF Checking,USD
Klook Car Rental,101.35,3250.19,"8,570.27","3,382.10",Travel,2024-08-03,CapitalOne Checking,USD
Uber,3.85,123.47,325.56,128.48,Travel,2024-08-03,WF Checking,USD
Family Mart,1.42,45.54,120.08,47.39,Eating/Drinking Out,2024-08-03,WF Checking,USD
7-Eleven,2.45,78.57,207.17,81.76,Eating/Drinking Out,2024-08-03,CapitalOne Checking,USD
Ah Hong Shi Turkey Rice,2.49,80,210.95,83.25,Eating/Drinking Out,2024-08-04,Cash,TWD
Hinoki Village,0.92,29.5,77.8,30.7,Eating/Drinking Out,2024-08-04,CapitalOne Checking,USD
Hinoki Village,3.68,118.01,311.19,122.8,Miscellaneous,2024-08-04,CapitalOne Checking,USD
Car Wash,1.56,50,131.84,52.03,Miscellaneous,2024-08-04,Cash,TWD
Southern Branch of the National Palace Museum,1.07,34.31,90.48,35.71,Eating/Drinking Out,2024-08-04,CapitalOne Checking,USD
Highway Tolls,4.15,133,350.7,138.4,Travel,2024-08-04,Cash,TWD
Train Ticket,5.43,174.13,459.17,181.2,Travel,2024-08-04,CapitalOne Checking,USD
FamilyMart,5.64,180.87,476.92,188.21,Eating/Drinking Out,2024-08-04,CapitalOne Checking,USD
Uber,4.11,131.8,347.55,137.15,Travel,2024-08-04,CapitalOne Checking,USD
Jia Shi Fang Canteen,1.25,40,105.47,41.62,Eating/Drinking Out,2024-08-05,Cash,TWD
FamilyMart,2.17,69.59,183.5,72.41,Eating/Drinking Out,2024-08-05,WF Checking,USD
梁社漢排骨-台大店,4.37,140,369.16,145.68,Eating/Drinking Out,2024-08-05,Cash,TWD
McDonald's,2.12,67.99,179.27,70.75,Eating/Drinking Out,2024-08-05,CapitalOne Checking,USD
Carrefour,8.53,273.55,721.31,284.65,Groceries,2024-08-05,CapitalOne Checking,USD
Jia Shi Fang Canteen,1.25,40,105.47,41.62,Eating/Drinking Out,2024-08-06,Cash,TWD
Vending Machine,1.38,44.26,116.69,46.05,Eating/Drinking Out,2024-08-06,CapitalOne Checking,USD
IKEA,7.19,230.58,607.99,239.93,Eating/Drinking Out,2024-08-06,WF Checking,USD
IKEA,6.91,221.6,584.32,230.59,Groceries,2024-08-06,WF Checking,USD
Electricity & Internet,80.56,2583.48,"6,812.25","2,688.33",Utilities,2024-08-06,WF Checking,USD
Jia Shi Fang Canteen,1.25,40,105.47,41.62,Eating/Drinking Out,2024-08-07,Cash,TWD
FamilyMart,2.17,69.59,183.5,72.41,Eating/Drinking Out,2024-08-07,WF Checking,USD
Carrefour,3.96,126.99,334.86,132.15,Eating/Drinking Out,2024-08-07,WF Checking,USD
Jia Shi Fang Canteen,1.25,40,105.47,41.62,Eating/Drinking Out,2024-08-08,Cash,TWD
FamilyMart,2.65,84.98,224.09,88.43,Eating/Drinking Out,2024-08-08,WF Checking,USD
FamilyMart,5.17,165.8,437.18,172.53,Eating/Drinking Out,2024-08-08,WF Checking,USD
Laundry,2.81,90,237.32,93.65,Miscellaneous,2024-08-08,Cash,TWD
Target Bakery,9.35,300,791.06,312.18,Eating/Drinking Out,2024-08-09,Cash,TWD
Jia Shi Fang Canteen,1.25,40,105.47,41.62,Miscellaneous,2024-08-09,Cash,TWD
Airtel,23.64,758.1,"1,999.00",788.87,Utilities,2024-08-09,Axis Bank Savings,INR
CoCo Ichibanya,12.1,388,"1,023.10",403.75,Eating/Drinking Out,2024-08-09,Cash,TWD
ChiuTa Stationery Store,12.32,395,"1,041.56",411.03,Miscellaneous,2024-08-09,Cash,TWD
Uniqlo,40.32,1293,"3,409.45","1,345.48",Apparel,2024-08-09,Chungwa Post Bank Passbook,TWD
Ly Handmade Taiwan,15.28,490,"1,292.06",509.89,Miscellaneous,2024-08-09,Chungwa Post Bank Passbook,TWD
微笑地瓜玻,2.65,85,224.13,88.45,Eating/Drinking Out,2024-08-09,Cash,TWD
J&G Fried Chicken,1.72,55,145.03,57.23,Eating/Drinking Out,2024-08-09,Cash,TWD
Taiwan High Speed Rail,68.6,2200,"5,801.07","2,289.29",Travel,2024-08-09,Chungwa Post Bank Passbook,TWD
McDonald's,5.49,176,464.09,183.14,Eating/Drinking Out,2024-08-10,Chungwa Post Bank Passbook,TWD
Amazon,29.47,945,"2,491.82",983.35,Tech,2024-08-10,Chungwa Post Bank Passbook,TWD
Little Star Diner,9.04,290,764.69,301.77,Eating/Drinking Out,2024-08-10,Cash,TWD
ChargeSPOT,0.78,25,65.92,26.01,Miscellaneous,2024-08-10,Chungwa Post Bank Passbook,TWD
EasyCard Reload,3.12,100,263.69,104.06,Travel,2024-08-10,Cash,TWD
FamilyMart,3.62,116,305.87,120.71,Eating/Drinking Out,2024-08-10,Chungwa Post Bank Passbook,TWD
Apple,9.04,290,764.69,301.77,Tech,2024-08-10,Chungwa Post Bank Passbook,TWD
Uber Eats,9.35,300,791.06,312.18,Eating/Drinking Out,2024-08-10,Cash,TWD
Ruff Night Club,18.71,600,"1,582.11",624.35,Entertainment,2024-08-10,Cash,TWD
Uber,7.52,241,635.48,250.78,Travel,2024-08-11,Chungwa Post Bank Passbook,TWD
Uber,12.47,400,"1,054.74",416.23,Travel,2024-08-11,Cash,TWD
FamilyMart,2.18,70,184.58,72.84,Eating/Drinking Out,2024-08-11,Chungwa Post Bank Passbook,TWD
ChargeSPOT,1.25,40,105.47,41.62,Miscellaneous,2024-08-11,Chungwa Post Bank Passbook,TWD
Tainan Confucius Temple,0.94,30,79.11,31.22,Travel,2024-08-11,Cash,TWD
Chikan Tower,1.09,35,92.29,36.42,Travel,2024-08-11,Cash,TWD
Casa e Casa,10.48,336,885.98,349.64,Eating/Drinking Out,2024-08-11,Cash,TWD
Kipling,48.02,1540,"4,060.75","1,602.50",Apparel,2024-08-11,Chungwa Post Bank Passbook,TWD
7-Eleven,2.99,1540,252.84,99.78,Eating/Drinking Out,2024-08-11,UFCU Platinum Cashback,USD
ChargeSPOT,1.87,60,158.21,62.44,Miscellaneous,2024-08-11,Chungwa Post Bank Passbook,TWD
Jia Shi Fang Canteen,1.25,40,105.47,41.62,Eating/Drinking Out,2024-08-12,Cash,TWD
7-Eleven,3.68,118,311.15,122.79,Eating/Drinking Out,2024-08-12,Cash,TWD
7-Eleven,1.09,35,92.29,36.42,Eating/Drinking Out,2024-08-12,Cash,TWD
Tulsi Indian Restaurant,14.41,462,"1,218.22",480.75,Eating/Drinking Out,2024-08-12,Cash,TWD
Uber,4.9,157,413.99,163.37,Travel,2024-08-12,Chungwa Post Bank Passbook,TWD
FamilyMart,2.8,89.79,236.77,93.44,Eating/Drinking Out,2024-08-12,WF Checking,USD
Far EasTone,3.12,100,263.69,104.06,Miscellaneous,2024-08-12,Chungwa Post Bank Passbook,TWD
Jia Shi Fang Canteen,1.25,40,105.47,41.62,Eating/Drinking Out,2024-08-13,Cash,TWD
ChargeSPOT,1.87,60,158.21,62.44,Miscellaneous,2024-08-13,Chungwa Post Bank Passbook,TWD
Gakuden Boulangerie,3.12,100,263.69,104.06,Eating/Drinking Out,2024-08-13,Cash,TWD
McDonald's,2.1,67.34,177.58,70.08,Eating/Drinking Out,2024-08-13,WF Checking,USD
Lucy's,27.72,889,"2,344.16",925.08,Miscellaneous,2024-08-13,Cash,TWD
Giordano,30.87,990,"2,610.48","1,030.18",Miscellaneous,2024-08-13,Cash,TWD
ChiuTa Stationery Store,1.09,35,92.29,36.42,Miscellaneous,2024-08-13,Cash,TWD
FamilyMart,2.28,67.34,192.8,76.08,Eating/Drinking Out,2024-08-14,CapitalOne Checking,USD
Jia Shi Fang Canteen,1.25,40,105.47,41.62,Eating/Drinking Out,2024-08-14,Cash,TWD
Drinkstore ,2.37,76,200.4,79.08,Eating/Drinking Out,2024-08-14,Cash,TWD
Carrefour,2.96,95,250.5,98.86,Eating/Drinking Out,2024-08-14,Cash,TWD
Uber Eats,10.76,345,909.71,359,Eating/Drinking Out,2024-08-14,Chungwa Post Bank Passbook,TWD
Target Bakery,9.35,300,791.06,312.18,Eating/Drinking Out,2024-08-15,Cash,TWD
Jia Shi Fang Canteen,1.25,40,105.47,41.62,Eating/Drinking Out,2024-08-15,Cash,TWD
Drinkstore,2.37,76,200.4,79.08,Eating/Drinking Out,2024-08-15,Cash,TWD
FamilyMart,2.14,68.63,180.96,71.41,Eating/Drinking Out,2024-08-15,WF Checking,USD
好朋友大賣場,12.35,396,"1,044.19",412.07,Miscellaneous,2024-08-15,Cash,TWD
Lucky You ,9.04,290,764.69,301.77,Eating/Drinking Out,2024-08-15,Cash,TWD
Uber,4.21,135,355.97,140.48,Travel,2024-08-15,Chungwa Post Bank Passbook,TWD
Eslite ,4.83,155,408.71,161.29,Miscellaneous,2024-08-16,Cash,TWD
Target Bakery,5.49,176,464.09,183.14,Eating/Drinking Out,2024-08-16,Cash,TWD
Jia Shi Fang Canteen,1.25,40,105.47,41.62,Eating/Drinking Out,2024-08-16,Cash,TWD
Din Tai Fung,15.59,500,"1,318.43",520.29,Eating/Drinking Out,2024-08-16,Cash,TWD
ChargeSPOT,1.4,45,118.66,46.83,Miscellaneous,2024-08-16,Chungwa Post Bank Passbook,TWD
Uber,4.8,154,406.07,160.25,Travel,2024-08-16,Chungwa Post Bank Passbook,TWD
Monthly Service Fee,10,320.69,845.61,333.71,Fees,2024-08-16,WF Checking,USD
Monthly Service Fee,12,384.83,"1,014.73",400.45,Fees,2024-08-16,Chase Checking,USD
7-Eleven,1.91,61.25,161.51,63.74,Eating/Drinking Out,2024-08-17,WF Checking,USD
FamilyMart,3.8,121.86,321.33,126.81,Eating/Drinking Out,2024-08-17,WF Checking,USD
iCloud+,2.99,95.89,252.84,99.78,Subscriptions,2024-08-17,WF Checking,USD
Google One,3.19,102.3,269.75,106.45,Subscriptions,2024-08-17,WF Checking,USD
Yehliu Geopark,4.05,130,342.79,135.28,Entertainment,2024-08-17,Cash,TWD
采晶藝品,6.24,200,527.37,208.12,Miscellaneous,2024-08-17,Cash,TWD
Taipei Zoo,1.91,61.25,161.51,63.74,Entertainment,2024-08-17,WF Checking,USD
Taipei Zoo Gift Shop,5.42,173.81,458.32,180.87,Miscellaneous,2024-08-17,WF Checking,USD
Din Don Accessory,5.92,190,501,197.71,Miscellaneous,2024-08-17,Cash,TWD
Gongguan Night Market,0.94,30,79.11,31.22,Eating/Drinking Out,2024-08-17,Cash,TWD
Gongguan Night Market,3.12,100,263.69,104.06,Apparel,2024-08-17,Cash,TWD
ChargeSPOT,0.94,30,79.11,31.22,Miscellaneous,2024-08-17,Chungwa Post Bank Passbook,TWD
Zhongshan Market,21.2,680,"1,793.06",707.6,Miscellaneous,2024-08-17,Cash,TWD
Carrefour,2.48,79.53,209.71,82.76,Eating/Drinking Out,2024-08-17,CapitalOne Checking,USD
Uber,3.93,126,332.24,131.11,Travel,2024-08-17,Chungwa Post Bank Passbook,TWD
7-Eleven,3.54,113.52,299.35,118.13,Eating/Drinking Out,2024-08-18,CapitalOne Checking,USD
Train Ticket,20.58,660,"1,740.32",686.79,Travel,2024-08-18,Cash,TWD
樂見里,3.74,120,316.42,124.87,Eating/Drinking Out,2024-08-18,Cash,TWD
Starbucks,3.1,99.41,262.14,103.45,Eating/Drinking Out,2024-08-18,CapitalOne Checking,USD
天九,6.24,200,527.37,208.12,Miscellaneous,2024-08-18,Cash,TWD
Madina Pakistani Restaurant,9.35,300,791.06,312.18,Eating/Drinking Out,2024-08-18,Cash,TWD
Uniqlo,18.4,590.07,"1,555.93",614.02,Apparel,2024-08-18,CapitalOne Checking,USD
Train Ticket,14.04,450.25,"1,187.24",468.52,Travel,2024-08-18,WF Checking,USD
ChargeSPOT,1.87,60,158.21,62.44,Miscellaneous,2024-08-18,Chungwa Post Bank Passbook,TWD
FamilyMart,2.39,76.64,202.1,79.76,Eating/Drinking Out,2024-08-18,CapitalOne Checking,USD
Jia Shi Fang Canteen,1.25,40,105.47,41.62,Eating/Drinking Out,2024-08-19,Cash,TWD
臺大出版中校史館書店,25.79,827,"2,180.68",860.56,Apparel,2024-08-19,Chungwa Post Bank Passbook,TWD
FamilyMart,2.93,94,247.86,97.81,Eating/Drinking Out,2024-08-19,Chungwa Post Bank Passbook,TWD
Choice Italian Cuisine,13.16,422,"1,112.75",439.13,Eating/Drinking Out,2024-08-19,Cash,TWD
Sunny Hills,9.35,300,791.06,312.18,Miscellaneous,2024-08-19,Cash,TWD
麥格子,6.55,210,553.74,218.52,Miscellaneous,2024-08-19,Cash,TWD
豬豬,3.12,100,263.69,104.06,Miscellaneous,2024-08-19,Cash,TWD
Uber,4.96,159.06,419.42,165.52,Travel,2024-08-19,CapitalOne Checking,USD
Carrefour,4.15,133,350.7,138.4,Eating/Drinking Out,2024-08-19,Chungwa Post Bank Passbook,TWD
NTU Merch Store,17.15,550,"1,450.27",572.32,Miscellaneous,2024-08-20,Chungwa Post Bank Passbook,TWD
Doki Poké,4.37,140,369.16,145.68,Eating/Drinking Out,2024-08-20,Cash,TWD
Ultra Mobile,28.12,901.78,"2,377.86",938.38,Utilities,2024-08-20,WF Checking,USD
Uber Eats,8.11,260,685.58,270.55,Eating/Drinking Out,2024-08-20,Chungwa Post Bank Passbook,TWD
Uber,17.15,550,"1,450.27",572.32,Travel,2024-08-20,Chungwa Post Bank Passbook,TWD
LAX Vendine Machine,4.1,131.48,346.7,136.82,Eating/Drinking Out,2024-08-21,WF Checking,USD
Starbucks,15.67,502.52,"1,325.07",522.92,Eating/Drinking Out,2024-08-21,WF Checking,USD
CAVA,15.55,498.67,"1,314.93",518.91,Eating/Drinking Out,2024-08-21,WF Checking,USD
TX DPS,33,1058.28,"2,790.52","1,101.23",Miscellaneous,2024-08-22,Chase Freedom Flex,USD
ThriftBooks,9.07,290.87,766.97,302.67,Education,2024-08-22,Chase Freedom Flex,USD
Interest,14.38,461.15,"1,215.99",479.87,Fees,2024-08-22,UFCU Platinum Cashback,USD
Insurance Debt Protection,2.1,67.34,177.58,70.08,Fees,2024-08-22,UFCU Platinum Cashback,USD
Spotify,6.48,207.81,547.96,216.24,Subscriptions,2024-08-23,WF Checking,USD
Hanabi Ramen,21.61,693.01,"1,827.37",721.14,Eating/Drinking Out,2024-08-23,WF Checking,USD
ixigo,8.44,270.78,714,281.77,Travel,2024-08-24,Bank of Baroda Savings,INR
CAVA,12.18,390.6,"1,029.95",406.45,Eating/Drinking Out,2024-08-25,Discover It Cashback,USD
Electricity & Internet,85.02,2726.51,"7,189.39","2,837.16",Utilities,2024-08-26,WF Checking,USD
Target,33.8,1084,"2,858.35","1,127.99",Groceries,2024-08-26,Chungwa Post Bank Passbook,TWD
Chat Patta,7.57,242.76,640.13,252.61,Eating/Drinking Out,2024-08-27,Discover It Cashback,USD
Uber,10.96,351.48,926.79,365.74,Travel,2024-08-27,Discover It Cashback,USD
Swan Dive,11,352.76,930.17,367.08,Entertainment,2024-08-27,Discover It Cashback,USD
Uber,10.99,352.44,929.33,366.74,Travel,2024-08-27,Discover It Cashback,USD
Taco Joint,9.74,312.35,823.63,325.03,Eating/Drinking Out,2024-08-28,Discover It Cashback,USD
Target,8.71,279.32,736.53,290.66,Groceries,2024-08-28,Discover It Cashback,USD
Hook 'em Hut,3.59,115.13,303.57,119.8,Eating/Drinking Out,2024-08-29,Discover It Cashback,USD
7-Eleven,8.65,277.4,731.45,288.65,Eating/Drinking Out,2024-08-29,Discover It Cashback,USD
7-Eleven,2.48,79.53,209.71,82.76,Eating/Drinking Out,2024-08-29,Chase Freedom Flex,USD
Noam's Gelato & Bean,7.46,239.23,630.83,248.94,Eating/Drinking Out,2024-08-30,Discover It Cashback,USD
Bookpeople,6,192.41,507.37,200.22,Education,2024-08-31,Discover It Cashback,USD
Nueces Mart,5.17,165.8,437.18,172.53,Eating/Drinking Out,2024-09-01,Discover It Cashback,USD
Uber,6,192.41,507.37,200.22,Travel,2024-09-01,Chase Checking,USD
TickPick,65,2084.49,"5,496.48","2,169.08",Entertainment,2024-09-02,Chase Checking,USD
Rent,877.49,28140.23,"74,201.57","29,282.28",Rent,2024-09-02,WF Checking,USD
Chick-fil-A,7.14,228.97,603.77,238.27,Eating/Drinking Out,2024-09-03,Discover It Cashback,USD
Chat Patta,7.35,235.71,621.52,245.27,Eating/Drinking Out,2024-09-03,WF Checking,USD
Target,30.5,978.1,"2,579.12","1,017.80",Groceries,2024-09-04,Discover It Cashback,USD
CVS Pharmacy,7.35,235.71,621.52,245.27,Miscellaneous,2024-09-04,WF Checking,USD
Mai Thai Restaurant,24.16,774.79,"2,043.00",806.23,Eating/Drinking Out,2024-09-04,Discover It Cashback,USD
Netfliix,16.77,537.8,"1,418.09",559.62,Subscriptions,2024-09-04,Discover It Cashback,USD
FlixBus,70.97,2275.94,"6,001.31","2,368.30",Travel,2024-09-05,Discover It Cashback,USD
Chick-fil-A,3.52,112.88,297.66,117.46,Eating/Drinking Out,2024-09-05,WF Checking,USD
O's Cafe,3.19,102.3,269.75,106.45,Eating/Drinking Out,2024-09-05,Chase Freedom Flex,USD
Uber,11.93,382.58,"1,008.81",398.11,Travel,2024-09-06,WF Checking,USD
Tiger Mart,2.59,83.06,219.01,86.43,Eating/Drinking Out,2024-09-06,Discover It Cashback,USD
Uber,8.96,287.34,757.67,299,Travel,2024-09-06,WF Checking,USD
ParkMobile,11.7,375.21,989.37,390.43,Miscellaneous,2024-09-06,UFCU Platinum Cashback,USD
Taco Bell,7.62,244.37,644.36,254.28,Eating/Drinking Out,2024-09-06,UFCU Platinum Cashback,USD
Uber,10.96,351.48,926.79,365.74,Travel,2024-09-08,UFCU Platinum Cashback,USD
Target,21.87,701.35,"1,849.35",729.81,Miscellaneous,2024-09-09,UFCU Platinum Cashback,USD
Buffalo Exchange,22.73,728.93,"1,922.08",758.51,Apparel,2024-09-09,UFCU Platinum Cashback,USD
Kins Mart,5.73,183.76,484.54,191.21,Groceries,2024-09-09,UFCU Platinum Cashback,USD
Target,5.41,173.49,457.48,180.53,Miscellaneous,2024-09-09,UFCU Platinum Cashback,USD
The Cut Hut,26.39,846.3,"2,231.57",880.65,Miscellaneous,2024-09-09,Chase Checking,USD
Einstein Bros. Bagels,6.7,214.86,566.56,223.58,Eating/Drinking Out,2024-09-10,UFCU Platinum Cashback,USD
Foodie's Corner,8.48,271.95,717.08,282.98,Eating/Drinking Out,2024-09-10,UFCU Platinum Cashback,USD
Chick-fil-A,5.81,186.32,491.3,193.88,Eating/Drinking Out,2024-09-11,Chase Checking,USD
Buffalo Exchange,12.99,416.58,"1,098.45",433.48,Apparel,2024-09-11,Chase Checking,USD
CAVA,12.18,390.6,"1,029.95",406.45,Eating/Drinking Out,2024-09-11,Discover It Cashback,USD
Ultra Mobile,19.75,633.36,"1,670.08",659.07,Utilities,2024-09-11,WF Checking,USD
Target,5.91,189.53,499.76,197.22,Groceries,2024-09-12,Discover It Cashback,USD
Chi'Lantro BBQ,10.81,346.67,914.11,360.74,Eating/Drinking Out,2024-09-12,Discover It Cashback,USD
CVS Pharmacy,9.8,314.28,828.7,327.03,Miscellaneous,2024-09-12,Discover It Cashback,USD
Yalla Burgers and Wings,24.88,797.88,"2,103.88",830.26,Eating/Drinking Out,2024-09-12,Chase Checking,USD
Buc-ee's,1.29,41.37,109.08,43.05,Eating/Drinking Out,2024-09-13,UFCU Platinum Cashback,USD
Buc-ee's,13,416.9,"1,099.30",433.82,Eating/Drinking Out,2024-09-13,Chase Checking,USD
Calm Water Rentals,40,1282.76,"3,382.45","1,334.82",Travel,2024-09-13,Chase Checking,USD
HEB,7.16,229.61,605.46,238.93,Groceries,2024-09-13,Discover It Cashback,USD
Granny D's,12.83,411.45,"1,084.92",428.14,Eating/Drinking Out,2024-09-14,Chase Checking,USD
Kafekali & Bakery,6.62,212.3,559.79,220.91,Eating/Drinking Out,2024-09-14,Discover It Cashback,USD
Target,12.11,388.36,"1,024.04",404.12,Groceries,2024-09-15,Discover It Cashback,USD
CVS Pharmacy,3.13,100.38,264.68,104.45,Eating/Drinking Out,2024-09-15,Discover It Cashback,USD
Wheatsville Co-Op,12.98,416.26,"1,097.60",433.15,Eating/Drinking Out,2024-09-15,Discover It Cashback,USD
Christian Life Austin,10,320.69,845.61,333.71,Miscellaneous,2024-09-15,Chase Checking,USD
Google One,3.19,102.3,269.75,106.45,Subscriptions,2024-09-16,WF Checking,USD
iCloud+,2.99,95.89,252.84,99.78,Subscriptions,2024-09-16,WF Checking,USD
Orange Market,7.33,235.07,619.83,244.61,Eating/Drinking Out,2024-09-16,Discover It Cashback,USD
Monthly Service Fee,10,320.69,845.61,333.71,Fees,2024-09-17,WF Checking,USD
Chick-fil-A,3.52,112.88,297.66,117.46,Eating/Drinking Out,2024-09-17,Discover It Cashback,USD
Kins Mart,8.42,270.02,712,280.98,Eating/Drinking Out,2024-09-17,Discover It Cashback,USD
Target,3.14,100.7,265.52,104.78,Groceries,2024-09-17,Discover It Cashback,USD
Chipotle,9.2,295.03,777.96,307.01,Eating/Drinking Out,2024-09-18,Discover It Cashback,USD
Airtel,10.63,340.94,899,354.77,Utilities,2024-09-18,Axis Bank Savings,INR
Hospital Expenditures,591.29,18962.01,"50,000.00","19,731.58",Miscellaneous,2024-09-18,Axis Bank Savings,INR
Ultra Mobile,46.87,1503.07,"3,963.38","1,564.08",Subscriptions,2024-09-19,WF Checking,USD
One Two Three Sushi,9.73,312.03,822.78,324.69,Eating/Drinking Out,2024-09-19,Discover It Cashback,USD
Kerbey Lane Cafe,15.9,509.9,"1,344.52",530.59,Eating/Drinking Out,2024-09-19,WF Checking,USD
Pinch,9.73,312.03,822.78,324.69,Eating/Drinking Out,2024-09-20,UFCU Platinum Cashback,USD
Nueces Mart,14.48,464.36,"1,224.45",483.2,Eating/Drinking Out,2024-09-20,Discover It Cashback,USD
Spirit Halloween,8,256.55,676.49,266.96,Miscellaneous,2024-09-21,Chase Checking,USD
Rio Mart,3.75,120.26,317.1,125.14,Eating/Drinking Out,2024-09-21,Chase Checking,USD
Brat Party,5,160.35,422.81,166.85,Entertainment,2024-09-21,Chase Checking,USD
Chat Patta,8.5,272.59,718.77,283.65,Eating/Drinking Out,2024-09-21,Chase Checking,USD
Target,25.37,813.59,"2,145.32",846.61,Groceries,2024-09-22,Chase Checking,USD
CVS Pharmacy,3.13,100.38,264.68,104.45,Groceries,2024-09-22,Chase Checking,USD
Interest,13.39,429.4,"1,132.27",446.83,Fees,2024-09-22,UFCU Platinum Cashback,USD
Insurance Debt Protection,1.95,62.53,164.89,65.07,Fees,2024-09-22,UFCU Platinum Cashback,USD
Chili's,25.72,824.81,"2,174.91",858.29,Eating/Drinking Out,2024-09-23,Discover It Cashback,USD
Kins Mart,7.35,235.71,621.52,245.27,Groceries,2024-09-24,Discover It Cashback,USD
O's Cafe,3.19,102.3,269.75,106.45,Eating/Drinking Out,2024-09-24,Discover It Cashback,USD
CVS Pharmacy,4.38,140.46,370.38,146.16,Eating/Drinking Out,2024-09-24,Discover It Cashback,USD
Amazon,47.62,1527.13,"4,026.80","1,589.10",Apparel,2024-09-24,Discover It Cashback,USD
Spotify,6.48,207.81,547.96,216.24,Subscriptions,2024-09-24,WF Checking,USD
CAVA,13.26,425.23,"1,121.28",442.49,Eating/Drinking Out,2024-09-26,Chase Freedom Flex,USD
UPS,48.11,1542.84,"4,068.24","1,605.45",Miscellaneous,2024-09-26,Chase Checking,USD
ATX Gyro,5.95,190.81,503.14,198.55,Eating/Drinking Out,2024-09-26,UFCU Platinum Cashback,USD
UT Tacos,7.57,242.76,640.13,252.61,Eating/Drinking Out,2024-09-27,Discover It Cashback,USD
ATX Gyro,1.62,51.95,136.99,54.06,Eating/Drinking Out,2024-09-27,Discover It Cashback,USD
Target,36.49,1170.2,"3,085.64","1,217.69",Groceries,2024-09-28,Chase Checking,USD
Kabobzi,23.2,744,"1,961.82",774.2,Eating/Drinking Out,2024-09-29,Discover It Cashback,USD
JINYA Ramen Bar,24.42,783.12,"2,064.98",814.91,Eating/Drinking Out,2024-09-29,Discover It Cashback,USD
Orange Market,3.78,121.22,319.64,126.14,Groceries,2024-09-30,Chase Checking,USD
Las Trancas Taco Stand,11.12,356.61,940.32,371.08,Eating/Drinking Out,2024-10-01,Chase Checking,USD
Parking,3.75,120.26,317.1,125.14,Travel,2024-10-01,Chase Checking,USD
CVS Pharmacy,8.32,266.81,703.55,277.64,Groceries,2024-10-02,Discover It Cashback,USD
Rent,877.49,28140.23,"74,201.57","29,282.28",Rent,2024-10-02,UFCU Checking,USD
Pinch,9.73,312.03,822.78,324.69,Eating/Drinking Out,2024-10-02,Chase Checking,USD
Chick-fil-A,9.52,305.3,805.02,317.69,Eating/Drinking Out,2024-10-03,Discover It Cashback,USD
Wheatsville Co-Op,33,1058.28,"2,790.52","1,101.23",Groceries,2024-10-04,Chase Checking,USD
Netflix,16.77,537.8,"1,418.09",559.62,Subscriptions,2024-10-04,Discover It Cashback,USD
VFS Global,183.77,5893.39,"15,540.00","6,132.57",Fees,2024-10-04,Axis Bank Savings,INR
Trader Joe's,64.17,2057.87,"5,426.29","2,141.38",Groceries,2024-10-05,Chase Checking,USD
Uber,5,160.35,422.81,166.85,Travel,2024-10-06,WF Checking,USD
Chuy's,27.46,880.61,"2,322.05",916.35,Eating/Drinking Out,2024-10-06,Discover It Cashback,USD
Amazon,226.23,7254.97,"19,130.27","7,549.41",Tech,2024-10-07,Discover It Cashback,USD
IndiGo,78.53,2518.53,"6,641.00","2,620.75",Travel,2024-10-08,Axis Bank Savings,INR
ATX Gyro,5.95,190.81,503.14,198.55,Groceries,2024-10-09,Chase Checking,USD
Target,16.5,529.14,"1,395.26",550.61,Miscellaneous,2024-10-10,WF Checking,USD
Electricity & Internet,153.4,4919.38,"12,971.68","5,119.03",Utilities,2024-10-11,WF Checking,USD
Flower Child,38.22,1225.68,"3,231.93","1,275.42",Eating/Drinking Out,2024-10-11,Discover It Cashback,USD
CAVA,12.18,390.6,"1,029.95",406.45,Eating/Drinking Out,2024-10-11,UFCU Platinum Cashback,USD
New Guild Party,10,320.69,845.61,333.71,Entertainment,2024-10-11,Chase Checking,USD
Six Flags Over Texas,97.41,3123.84,"8,237.10","3,250.62",Entertainment,2024-10-11,Chase Freedom Flex,USD
In-N-Out,4.76,152.65,402.51,158.84,Eating/Drinking Out,2024-10-12,Discover It Cashback,USD
Buc-ee's,12.86,412.41,"1,087.46",429.14,Eating/Drinking Out,2024-10-12,Discover It Cashback,USD
Six Flags Over Texas Parking,6,192.41,507.37,200.22,Travel,2024-10-12,Chase Checking,USD
Johnny Rockets,21.1,676.66,"1,784.24",704.12,Eating/Drinking Out,2024-10-12,UFCU Checking,USD
Six Flags Over Texas Drink,14.93,478.79,"1,262.50",498.22,Eating/Drinking Out,2024-10-12,Discover It Cashback,USD
CVS Pharmacy,2.26,72.48,191.11,75.42,Miscellaneous,2024-10-13,WF Checking,USD
Shug's Bagels,9.48,304.01,801.64,316.35,Eating/Drinking Out,2024-10-13,Discover It Cashback,USD
CVS Pharmacy,2.49,79.85,210.56,83.09,Eating/Drinking Out,2024-10-13,Discover It Cashback,USD
7 Brew Coffee,6,192.41,507.37,200.22,Eating/Drinking Out,2024-10-13,Chase Checking,USD
State Fair of Texas Parking,5,160.35,422.81,166.85,Travel,2024-10-13,WF Checking,USD
State Fair of Texas,25,801.73,"2,114.03",834.26,Entertainment,2024-10-13,UFCU Platinum Cashback,USD
State Fair of Texas Coupons,15,481.04,"1,268.42",500.56,Eating/Drinking Out,2024-10-13,Discover It Cashback,USD
Domino's,24.32,779.92,"2,056.53",811.57,Eating/Drinking Out,2024-10-13,Discover It Cashback,USD
WAYA Japanese Izakaya,14.08,451.53,"1,190.62",469.86,Eating/Drinking Out,2024-10-13,Discover It Cashback,USD
CVS Pharmacy,5.19,166.44,438.87,173.19,Groceries,2024-10-14,Chase Checking,USD
Wheatsville Co-Op,11,352.76,930.17,367.08,Groceries,2024-10-15,WF Checking,USD
Google One ,3.19,102.3,269.75,106.45,Subscriptions,2024-10-15,WF Checking,USD
Jester City Market,4.32,138.54,365.3,144.16,Groceries,2024-10-15,Chase Checking,USD
Monthly Service Fee,10,320.69,845.61,333.71,Fees,2024-10-16,WF Checking,USD
Monthly Service Fee,12,384.83,"1,014.73",400.45,Fees,2024-10-16,Chase Checking,USD
FlixBus,77.97,2500.42,"6,593.23","2,601.90",Travel,2024-10-16,UFCU Platinum Cashback,USD
Target,9.92,318.12,838.85,331.04,Groceries,2024-10-16,UFCU Platinum Cashback,USD
Delta Airlines,178.48,5723.68,"15,092.48","5,955.97",Travel,2024-10-16,UFCU Platinum Cashback,USD
iCloud+,2.99,95.89,252.84,99.78,Subscriptions,2024-10-16,WF Checking,USD
CVS Pharmacy,3.98,127.63,336.55,132.81,Groceries,2024-10-16,UFCU Platinum Cashback,USD
CAVA,12.18,390.6,"1,029.95",406.45,Eating/Drinking Out,2024-10-18,Discover It Cashback,USD
Uber,14.93,478.79,"1,262.50",498.22,Travel,2024-10-18,UFCU Checking,USD
Shell,6.15,197.22,520.05,205.23,Eating/Drinking Out,2024-10-18,Discover It Cashback,USD
Uber,6.46,207.17,546.27,215.57,Travel,2024-10-18,Discover It Cashback,USD
Ultra Mobile,46.89,1503.72,"3,965.07","1,564.74",Utilities,2024-10-19,WF Checking,USD
Certus Airvac Service,1.75,56.12,147.98,58.4,Miscellaneous,2024-10-19,UFCU Platinum Cashback,USD
Karya Siddhi Hanuman Temple,18.35,588.47,"1,551.70",612.35,Eating/Drinking Out,2024-10-19,UFCU Checking,USD
Uber,5.36,171.89,453.25,178.87,Travel,2024-10-20,UFCU Platinum Cashback,USD
Uber,10.96,351.48,926.79,365.74,Travel,2024-10-20,UFCU Platinum Cashback,USD
Uber,19.95,639.78,"1,687.00",665.74,Travel,2024-10-20,UFCU Checking,USD
Salsa Limón,13.47,431.97,"1,139.04",449.5,Eating/Drinking Out,2024-10-21,Discover It Cashback,USD
CVS Pharmacy,5.29,169.65,447.33,176.53,Eating/Drinking Out,2024-10-22,Discover It Cashback,USD
Wheatsville Co-Op,24.96,800.44,"2,110.65",832.93,Groceries,2024-10-22,UFCU Checking,USD
Insurance Debt Protection,1.92,61.57,162.36,64.07,Fees,2024-10-22,UFCU Platinum Cashback,USD
Target,12.72,407.92,"1,075.62",424.47,Groceries,2024-10-22,UFCU Platinum Cashback,USD
7-Eleven,5.38,172.53,454.94,179.53,Eating/Drinking Out,2024-10-22,UFCU Platinum Cashback,USD
Spotify,6.48,207.81,547.96,216.24,Subscriptions,2024-10-23,WF Checking,USD
Texas Union Underground,7.5,240.52,634.21,250.28,Entertainment,2024-10-23,WF Checking,USD
Texas Union Underground,2.5,80.17,211.4,83.43,Eating/Drinking Out,2024-10-23,Discover It Cashback,USD
Orange Market,2.7,86.59,228.32,90.1,Eating/Drinking Out,2024-10-23,Discover It Cashback,USD
Vending Machine,2.8,89.79,236.77,93.44,Eating/Drinking Out,2024-10-24,Discover It Cashback,USD
Target,1.34,42.97,113.31,44.72,Groceries,2024-10-24,UFCU Platinum Cashback,USD
Rote Shaq,10.8,346.35,913.26,360.4,Eating/Drinking Out,2024-10-25,WF Checking,USD
Diwali Sparklers,6,192.41,507.37,200.22,Entertainment,2024-10-25,UFCU Checking,USD
Buffalo Exchange,21.65,694.29,"1,830.75",722.47,Apparel,2024-10-26,UFCU Checking,USD
Wheatsville Co-Op,8.48,271.95,717.08,282.98,Groceries,2024-10-26,UFCU Checking,USD
Foodie's Corner,3.99,127.96,337.4,133.15,Eating/Drinking Out,2024-10-26,UFCU Checking,USD
Foodie's Corner,3.24,103.9,273.98,108.12,Apparel,2024-10-26,UFCU Checking,USD
Orange Market,3.99,127.96,337.4,133.15,Eating/Drinking Out,2024-10-26,UFCU Checking,USD
Foodie's Corner,3.99,127.96,337.4,133.15,Eating/Drinking Out,2024-10-26,UFCU Checking,USD
New Guild Party,10,320.69,845.61,333.71,Entertainment,2024-10-26,Chase Checking,USD
Snax Basket,6.47,207.49,547.11,215.91,Eating/Drinking Out,2024-10-27,UFCU Checking,USD
Chi'Lantro BBQ,21.87,701.35,"1,849.35",729.81,Eating/Drinking Out,2024-10-27,WF Checking,USD
Target,8.63,276.76,729.76,287.99,Groceries,2024-10-28,UFCU Checking,USD
Target,7.63,244.69,645.2,254.62,Groceries,2024-10-28,WF Checking,USD
Terry Black's Barbecue,26.52,850.47,"2,242.56",884.99,Eating/Drinking Out,2024-10-28,UFCU Checking,USD
FlixBus,64.97,2083.52,"5,493.94","2,168.08",Travel,2024-10-29,WF Checking,USD
Target,30.6,981.31,"2,587.57","1,021.14",Groceries,2024-10-30,WF Checking,USD
CVS Pharmacy,2.69,86.27,227.47,89.77,Eating/Drinking Out,2024-10-30,UFCU Platinum Cashback,USD
HEB,3.98,127.63,336.55,132.81,Entertainment,2024-10-30,UFCU Platinum Cashback,USD
Foodie's Corner,5.48,175.74,463.4,182.87,Eating/Drinking Out,2024-10-31,UFCU Platinum Cashback,USD
Pearl Street Co-Op Party,15,481.04,"1,268.42",500.56,Entertainment,2024-10-31,UFCU Checking,USD
Strong PRO,5.4,173.17,456.63,180.2,Subscriptions,2024-11-01,WF Checking,USD
Chat Patta,11.9,381.62,"1,006.28",397.11,Eating/Drinking Out,2024-11-01,WF Checking,USD
Uber,9.99,320.37,844.77,333.37,Travel,2024-11-01,UFCU Checking,USD
Shell,10.79,346.02,912.41,360.07,Eating/Drinking Out,2024-11-01,Discover It Cashback,USD
Taco Bell,10.46,335.44,884.51,349.06,Eating/Drinking Out,2024-11-01,UFCU Checking,USD
Layalina Mediterranean Restaurant and Lounge,32.44,1040.32,"2,743.16","1,082.54",Eating/Drinking Out,2024-11-02,WF Checking,USD
The Saucy Hibachi,12.07,387.07,"1,020.65",402.78,Eating/Drinking Out,2024-11-02,WF Checking,USD
Buc-ee's,30.62,981.95,"2,589.26","1,021.80",Gas,2024-11-02,WF Checking,USD
Interest,12.58,403.43,"1,063.78",419.8,Fees,2024-11-02,Discover It Cashback,USD
Rent,877.49,28140.23,"74,201.57","29,282.28",Rent,2024-11-03,UFCU Checking,USD
Uber,11,352.76,930.17,367.08,Travel,2024-11-03,Discover It Cashback,USD
Chick-fil-A,10.38,332.88,877.74,346.39,Eating/Drinking Out,2024-11-04,Discover It Cashback,USD
Netflix,16.77,537.8,"1,418.09",559.62,Subscriptions,2024-11-04,Discover It Cashback,USD
Vending Machine,2.5,80.17,211.4,83.43,Eating/Drinking Out,2024-11-05,WF Checking,USD
CAVA,12.18,390.6,"1,029.95",406.45,Eating/Drinking Out,2024-11-05,Discover It Cashback,USD
Chick-fil-A,2.76,88.51,233.39,92.1,Eating/Drinking Out,2024-11-05,WF Checking,USD
Foodie's Corner,3.24,103.9,273.98,108.12,Eating/Drinking Out,2024-11-05,WF Checking,USD
Oma's Kitchen,12.95,415.29,"1,095.07",432.15,Eating/Drinking Out,2024-11-06,Discover It Cashback,USD
O's Cafe,2.48,79.53,209.71,82.76,Eating/Drinking Out,2024-11-06,Discover It Cashback,USD
ChatGPT Plus,21.28,682.43,"1,799.46",710.12,Subscriptions,2024-11-06,Discover It Cashback,USD
CVS Pharmacy,1.16,37.2,98.09,38.71,Eating/Drinking Out,2024-11-08,WF Checking,USD
Kerbey Lane Cafe,16.47,528.18,"1,392.72",549.61,Eating/Drinking Out,2024-11-08,Discover It Cashback,USD
Target,34.3,1099.97,"2,900.45","1,144.61",Groceries,2024-11-09,Discover It Cashback,USD
Home Depot,21.62,693.33,"1,828.21",721.47,Miscellaneous,2024-11-09,Discover It Cashback,USD
Tweedy's Bar,7.1,227.69,600.38,236.93,Eating/Drinking Out,2024-11-09,Discover It Cashback,USD
Wheatsville Co-Op,28.71,920.7,"2,427.75",958.07,Groceries,2024-11-10,Discover It Cashback,USD
Alamo Drafthouse,9.1,291.83,769.51,303.67,Entertainment,2024-11-10,WF Checking,USD
7-Eleven,5.18,166.12,438.03,172.86,Eating/Drinking Out,2024-11-11,WF Checking,USD
Chick-fil-A,10.23,328.07,865.06,341.38,Eating/Drinking Out,2024-11-12,Discover It Cashback,USD
Up & Atom,5.74,184.08,485.38,191.55,Eating/Drinking Out,2024-11-13,Discover It Cashback,USD
P. Terry's Burger Stand,13.15,421.71,"1,111.98",438.82,Eating/Drinking Out,2024-11-13,UFCU Platinum Cashback,USD
TikTok,25.6,820.97,"2,164.77",854.28,Miscellaneous,2024-11-14,Chase Freedom Flex,USD
Hook 'em Hut,5.17,165.8,437.18,172.53,Eating/Drinking Out,2024-11-14,Discover It Cashback,USD
Zanzibar,20.32,651.64,"1,718.28",678.09,Eating/Drinking Out,2024-11-14,Discover It Cashback,USD
Uber,5.5,176.38,465.09,183.54,Travel,2024-11-15,UFCU Checking,USD
Wheatsville Co-Op,11,352.76,930.17,367.08,Groceries,2024-11-15,Discover It Cashback,USD
FlixBus,87.97,2821.11,"7,438.85","2,935.60",Travel,2024-11-15,UFCU Platinum Cashback,USD
Madam Mam's Thai Cuisine,14.61,468.53,"1,235.44",487.54,Eating/Drinking Out,2024-11-15,UFCU Platinum Cashback,USD
Google One,3.19,102.3,269.75,106.45,Subscriptions,2024-11-16,WF Checking,USD
iCloud+,2.99,95.89,252.84,99.78,Subscriptions,2024-11-16,WF Checking,USD
Target,29.21,936.74,"2,470.03",974.75,Groceries,2024-11-16,Discover It Cashback,USD
Wheatsville Co-Op,11.98,384.19,"1,013.04",399.78,Groceries,2024-11-16,UFCU Platinum Cashback,USD
CVS Pharmacy,5.29,169.65,447.33,176.53,Eating/Drinking Out,2024-11-17,WF Checking,USD
ixigo,47.88,1535.54,"4,049.00","1,597.86",Travel,2024-11-17,Axis Bank Savings,INR
Ultra Mobile,46.89,1503.72,"3,965.07","1,564.74",Utilities,2024-11-18,WF Checking,USD
Monthly Service Fee,10,320.69,845.61,333.71,Fees,2024-11-18,WF Checking,USD
Monthly Service Fee,12,384.83,"1,014.73",400.45,Fees,2024-11-18,Chase Checking,USD
7-Eleven,3.59,115.13,303.57,119.8,Eating/Drinking Out,2024-11-19,Chase Freedom Flex,USD
Target,3.74,119.94,316.26,124.81,Groceries,2024-11-19,Chase Freedom Flex,USD
Roppolo's Pizzeria,6.25,200.43,528.51,208.57,Eating/Drinking Out,2024-11-19,Chase Freedom Flex,USD
Target,7.63,244.69,645.2,254.62,Groceries,2024-11-21,Chase Freedom Flex,USD
Roppolo's Pizzeria,11.37,364.62,961.46,379.42,Eating/Drinking Out,2024-11-22,Discover It Cashback,USD
Interest,12.46,399.58,"1,053.63",415.8,Fees,2024-11-22,UFCU Platinum Cashback,USD
Insurance Debt Protection,2.05,65.74,173.35,68.41,Fees,2024-11-22,UFCU Platinum Cashback,USD
Spotify,6.48,207.81,547.96,216.24,Subscriptions,2024-11-22,WF Checking,USD
Uber,8.95,287.02,756.82,298.67,Travel,2024-11-23,WF Checking,USD
Uber,10.97,351.8,927.64,366.07,Travel,2024-11-23,WF Checking,USD
Acha Spending,59.13,1896.2,"5,000.00","1,973.16",Miscellaneous,2024-11-27,Axis Bank Savings,INR
Airtel,23.64,758.1,"1,999.00",788.87,Utilities,2024-11-30,Axis Bank Savings,INR
Pinch,9.73,312.03,822.78,324.69,Eating/Drinking Out,2024-12-01,WF Checking,USD
Target,5.14,164.83,434.64,171.52,Groceries,2024-12-01,Chase Freedom Unlimited,USD
Target,11.12,356.61,940.32,371.08,Groceries,2024-12-02,Chase Freedom Unlimited,USD
Rent,877.49,28140.23,"74,201.57","29,282.28",Rent,2024-12-02,UFCU Checking,USD
CVS Pharmacy,8.53,273.55,721.31,284.65,Eating/Drinking Out,2024-12-02,UFCU Checking,USD
Interest,18.36,588.79,"1,552.54",612.68,Fees,2024-12-02,Discover It Cashback,USD
Netflix,16.77,537.8,"1,418.09",559.62,Subscriptions,2024-12-04,Discover It Cashback,USD
CAVA,12.18,390.6,"1,029.95",406.45,Eating/Drinking Out,2024-12-04,Chase Freedom Unlimited,USD
Wheatsville Co-Op,17.01,545.49,"1,438.39",567.63,Groceries,2024-12-06,Chase Freedom Unlimited,USD
ChatGPT Plus,21.28,682.43,"1,799.46",710.12,Subscriptions,2024-12-06,Discover It Cashback,USD
Pearl Street Co-Op Party,10,320.69,845.61,333.71,Entertainment,2024-12-07,UFCU Checking,USD
Rain,5,160.35,422.81,166.85,Entertainment,2024-12-07,Chase Freedom Unlimited,USD
Chat Patta,12.98,416.26,"1,097.60",433.15,Eating/Drinking Out,2024-12-08,Chase Freedom Unlimited,USD
Target,19.61,628.87,"1,658.24",654.4,Groceries,2024-12-08,Chase Freedom Unlimited,USD
Target,3.54,113.52,299.35,118.13,Groceries,2024-12-08,Chase Freedom Unlimited,USD
Electricity & Internet,280.52,8996,"23,721.10","9,361.09",Utilities,2024-12-08,WF Checking,USD
CAVA,12.18,390.6,"1,029.95",406.45,Eating/Drinking Out,2024-12-08,WF Checking,USD
Overdraft Fee,35,1122.42,"2,959.64","1,167.97",Fees,2024-12-09,UFCU Checking,USD
Lucky Lab Coffee Co.,11.36,364.3,960.61,379.09,Eating/Drinking Out,2024-12-10,Chase Freedom Unlimited,USD
Jester City Market,2.59,83.06,219.01,86.43,Eating/Drinking Out,2024-12-10,Chase Freedom Unlimited,USD
Amazon,6.48,207.81,547.96,216.24,Miscellaneous,2024-12-10,Chase Freedom Unlimited,USD
Amazon,21.64,693.97,"1,829.90",722.14,Miscellaneous,2024-12-10,Chase Freedom Unlimited,USD
Taco Bell,9.83,315.24,831.24,328.03,Eating/Drinking Out,2024-12-11,Chase Freedom Unlimited,USD
Orange Market,3.24,103.9,273.98,108.12,Eating/Drinking Out,2024-12-12,Chase Freedom Unlimited,USD
Chick-fil-A,7.22,231.54,610.53,240.94,Eating/Drinking Out,2024-12-12,Chase Freedom Unlimited,USD
Target,18.31,587.18,"1,548.31",611.01,Groceries,2024-12-12,Chase Freedom Unlimited,USD
Madam Mam's Thai Cuisine,14.61,468.53,"1,235.44",487.54,Eating/Drinking Out,2024-12-11,WF Checking,USD
Target,18.31,587.18,"1,548.31",611.01,Groceries,2024-12-12,Chase Freedom Unlimited,USD
Chick-fil-A,4.82,154.57,407.58,160.85,Eating/Drinking Out,2024-12-13,Chase Freedom Unlimited,USD
Foodie's Corner,22.72,728.61,"1,921.23",758.18,Groceries,2024-12-13,Chase Freedom Unlimited,USD
Chat Patta,7.57,242.76,640.13,252.61,Eating/Drinking Out,2024-12-13,Chase Freedom Unlimited,USD
Target,12.76,409.2,"1,079.00",425.81,Groceries,2024-12-14,Chase Freedom Unlimited,USD
DJ Pauly D,47.36,1518.79,"4,004.82","1,580.43",Entertainment,2024-12-14,WF Checking,USD
Buc-ee's,5.41,173.49,457.48,180.53,Eating/Drinking Out,2024-12-14,Chase Freedom Unlimited,USD
Buc-ee's,7.58,243.08,640.97,252.95,Eating/Drinking Out,2024-12-15,Chase Freedom Unlimited,USD
Monthly Service Fee,10,320.69,845.61,333.71,Fees,2024-12-16,WF Checking,USD
Monthly Service Fee,12,384.83,"1,014.73",400.45,Fees,2024-12-16,Chase Checking,USD
iCloud+,2.99,95.89,252.84,99.78,Subscriptions,2024-12-16,WF Checking,USD
ATX Gyro,5.95,190.81,503.14,198.55,Eating/Drinking Out,2024-12-16,Chase Freedom Flex,USD
Crown & Anchor Pub,6,192.41,507.37,200.22,Eating/Drinking Out,2024-12-16,Chase Freedom Unlimited,USD
Target,7.45,239,630.21,248.7,Miscellaneous,2024-12-17,Chungwa Post Bank Passbook,USD
Target,18.12,581.09,"1,532.25",604.67,Miscellaneous,2024-12-17,Chase Freedom Unlimited,USD
Pilot Travel Center,11.57,371.04,978.37,386.1,Eating/Drinking Out,2024-12-17,Chase Freedom Unlimited,USD
Shell,2.91,93.32,246.07,97.11,Eating/Drinking Out,2024-12-17,Chase Freedom Unlimited,USD
Umami Ramen House,15.53,498.03,"1,313.23",518.24,Eating/Drinking Out,2024-12-17,Chase Freedom Unlimited,USD
Ultra Mobile,46.89,1503.72,"3,965.07","1,564.74",Utilities,2024-12-18,WF Checking,USD
Kinley's House Coffee & Tea,8.38,268.74,708.62,279.64,Eating/Drinking Out,2024-12-18,Chase Freedom Unlimited,USD
Kinley's House Coffee & Tea,6.13,196.58,518.36,204.56,Eating/Drinking Out,2024-12-18,Chase Freedom Unlimited,USD
City of Rocks State Park,1.25,40.09,105.7,41.71,Entertainment,2024-12-18,Chase Checking,USD
Wendy's,11.23,360.13,949.62,374.75,Eating/Drinking Out,2024-12-18,Chase Checking,USD
The Thing,12.78,409.84,"1,080.69",426.47,Apparel,2024-12-18,Chase Freedom Unlimited,USD
The Thing,5.33,170.93,450.71,177.86,Entertainment,2024-12-18,Chase Freedom Unlimited,USD
Thai Rama,18.57,595.52,"1,570.30",619.69,Eating/Drinking Out,2024-12-18,Chase Freedom Flex,USD
SOMISOMI,4.26,136.61,360.23,142.16,Eating/Drinking Out,2024-12-18,Chase Freedom Unlimited,USD
Albertson's,13.25,424.91,"1,120.44",442.16,Groceries,2024-12-18,Chase Checking,USD
Lottery,3.75,120.26,317.1,125.14,Miscellaneous,2024-12-18,Chase Checking,USD
Taco Bell,13.82,443.19,"1,168.64",461.18,Eating/Drinking Out,2024-12-19,Chase Freedom Unlimited,USD
Joshua Tree National Park Gift Shop,3.16,101.34,267.21,105.45,Miscellaneous,2024-12-19,Chase Freedom Unlimited,USD
Airbnb,50,1603.45,"4,228.06","1,668.53",Travel,2024-12-19,WF Checking,USD
Sky High Pie,19.14,613.8,"1,618.50",638.71,Eating/Drinking Out,2024-12-19,Chase Freedom Unlimited,USD
Star Market & Liquor,8,256.55,676.49,266.96,Eating/Drinking Out,2024-12-19,Chase Checking,USD
Walmart,14.88,477.19,"1,258.27",496.55,Miscellaneous,2024-12-19,Chase Freedom Unlimited,USD
JT Country Kitchen,20.83,668,"1,761.41",695.11,Eating/Drinking Out,2024-12-20,Chase Freedom Unlimited,USD
Alameda Night Market,8,256.55,676.49,266.96,Eating/Drinking Out,2024-12-20,WF Checking,USD
Ronny's Market & Liquor,14.1,452.17,"1,192.31",470.52,Eating/Drinking Out,2024-12-21,Chase Freedom Unlimited,USD
Angel's Tijuana Tacos,9,288.62,761.05,300.33,Eating/Drinking Out,2024-12-21,WF Checking,USD
Ralphs Fresh Fare,3,96.21,253.68,100.11,Eating/Drinking Out,2024-12-21,WF Checking,USD
Tatsu Ramen,23.01,737.91,"1,945.75",767.86,Eating/Drinking Out,2024-12-22,UFCU Platinum Cashback,USD
Sunright Tea Studio,6.95,222.88,587.7,231.92,Eating/Drinking Out,2024-12-22,Chase Freedom Unlimited,USD
La Brea Tar Pits and Museum,7,224.48,591.93,233.59,Entertainment,2024-12-22,WF Checking,USD
Los Angeles Athletic Club,22.34,716.42,"1,889.10",745.5,Eating/Drinking Out,2024-12-22,WF Checking,USD
Fugetsu-Do Bakery Shop,6.19,198.51,523.43,206.56,Eating/Drinking Out,2024-12-22,Chase Freedom Unlimited,USD
Joy,21.69,695.58,"1,834.13",723.81,Eating/Drinking Out,2024-12-22,Chase Freedom Unlimited,USD
Magpies Softserve,3.9,125.07,329.79,130.14,Eating/Drinking Out,2024-12-22,WF Checking,USD
Interest,13.81,442.87,"1,167.79",460.85,Fees,2024-12-22,UFCU Platinum Cashback,USD
Insurance Debt Protection,2.01,64.46,169.97,67.07,Fees,2024-12-22,UFCU Platinum Cashback,USD
Spotify,6.48,207.81,547.96,216.24,Subscriptions,2024-12-23,WF Checking,USD
Cafe Wild,54.4,1744.55,"4,600.13","1,815.36",Eating/Drinking Out,2024-12-23,Chase Freedom Unlimited,USD
Furaibo,20.37,653.25,"1,722.51",679.76,Eating/Drinking Out,2024-12-23,WF Checking,USD
Millet Crepe,10.4,333.52,879.44,347.05,Eating/Drinking Out,2024-12-23,Chase Freedom Unlimited,USD
Total Parking,9.33,299.2,788.96,311.35,Travel,2024-12-24,WF Checking,USD
Delta Airlines,35,1122.42,"2,959.64","1,167.97",Travel,2024-12-24,Chase Freedom Unlimited,USD
Fresh Brothers,15.11,484.56,"1,277.72",504.23,Eating/Drinking Out,2024-12-24,Chase Freedom Unlimited,USD
Dollar Tree,8.56,274.51,723.84,285.65,Groceries,2024-12-26,Chase Freedom Flex,USD
Milwaukee Joe's Artisan Ice Creams,9.5,304.66,803.33,317.02,Eating/Drinking Out,2024-12-27,Chase Freedom Unlimited,USD
Airtel,10.63,340.94,899,354.77,Utilities,2024-12-28,Axis Bank Savings,INR